發生時間,發生地點,死亡受傷人數,車種,經度,緯度
111年01月01日 02時30分00秒,雲林縣虎尾鎮雲145公路路燈290570號,死亡1;受傷0,普通重型-機車,120.411444,23.686485
111年01月01日 06時07分42秒,屏東縣九如鄉國道3號 393公里600.0公尺處南側向外側,死亡1;受傷1,自用-小客車;自用-小貨車(含客、貨兩用);自用-小客車,120.489248,22.733474
111年01月01日 16時50分00秒,宜蘭縣南澳鄉台9線 117公里900.0公尺處附近,死亡1;受傷0,大型重型1(550C.C.以上)-機車,121.830743,24.490639
111年01月01日 19時20分00秒,南投縣仁愛鄉台14甲線 2公里500.0公尺處,死亡1;受傷1,普通重型-機車;乘客-人,121.143864,24.026000
111年01月01日 19時55分00秒,屏東縣屏東市和平路南側 / 屏東縣屏東市和平路東側,死亡1;受傷0,行人-人;自用-小客車,120.478264,22.672831
111年01月02日 08時00分53秒,宜蘭縣五結鄉中正路2段口 / 宜蘭縣五結鄉中正路2段口,死亡1;受傷1,普通重型-機車;自用-小客車,121.769642,24.693550
111年01月02日 10時12分00秒,嘉義縣水上鄉水上村正義路龍德地下道快車道,死亡1;受傷0,自用-小貨車(含客、貨兩用);行人-人,120.393775,23.426735
111年01月02日 12時00分29秒,新竹縣橫山鄉油羅溪橋北端,死亡1;受傷1,自用-小客車;大型重型1(550C.C.以上)-機車,121.124300,24.723004
111年01月02日 18時30分00秒,桃園市楊梅區台31線 21公里200.0公尺處北側向機車優先道,死亡1;受傷0,普通重型-機車;自用-小貨車(含客、貨兩用),121.120670,24.942567
111年01月03日 06時19分00秒,新竹市北區海濱路266巷30號旁,死亡1;受傷0,自用-大貨車;行人-人,120.917700,24.830363
111年01月03日 14時36分13秒,臺南市學甲區秀昌里中正路與三民路口,死亡1;受傷0,營業用-曳引車;普通重型-機車,120.183539,23.238279
111年01月03日 15時11分00秒,雲林縣二崙鄉崙西鄉中山路與民生路126巷,死亡1;受傷2,自用-曳引車;自用-小客車;乘客-人;乘客-人,120.425678,23.781693
111年01月03日 15時28分00秒,桃園市平鎮區洪圳路1168號前0.0公尺,死亡1;受傷0,普通重型-機車,121.242182,24.892017
111年01月03日 17時57分00秒,高雄市橋頭區鹽南路 / 高雄市橋頭區鹽南路建昌巷段,死亡1;受傷1,普通重型-機車;普通重型-機車,120.289087,22.744546
111年01月03日 20時17分00秒,臺北市內湖區金湖路371號前0.0公尺,死亡1;受傷0,自用-小客車;普通重型-機車;自用-小客車,121.603284,25.073360
111年01月03日 20時32分00秒,嘉義縣大林鎮西林里台1線251公里600公尺處東向機車優先道,死亡1;受傷0,普通重型-機車;自用-小客車;營業用-大貨車,120.453833,23.605946
111年01月04日 02時51分00秒,臺北市信義區忠孝東路4段 / 臺北市信義區光復南路,死亡1;受傷0,行人-人;計程車-小客車,121.557744,25.041145
111年01月04日 05時40分39秒,臺南市仁德區文賢路2段106號前0.0公尺,死亡1;受傷1,自用-大貨車;自用-小客車;乘客-人,120.241365,22.918509
111年01月04日 06時13分00秒,新竹縣芎林鄉新鳳村燥坑1-1號前,死亡1;受傷0,租賃車-小客車;行人-人,121.085675,24.763831
111年01月04日 11時27分00秒,高雄市岡山區聖森路竹圍098燈桿號前0.0公尺前,死亡1;受傷0,營業用-大貨車;行人-人,120.312536,22.797866
111年01月04日 13時23分00秒,臺中市太平區大興里大興路658號前0.0公尺,死亡1;受傷2,自用-小客車;普通重型-機車;乘客-人;乘客-人,120.742683,24.157430
111年01月05日 08時10分00秒,桃園市龜山區南美街口 / 桃園市龜山區民生北路一段口,死亡1;受傷1,普通重型-機車;普通重型-機車,121.299793,25.042555
111年01月05日 11時17分00秒,高雄市仁武區仁林路前0.0公尺,死亡2;受傷0,普通重型-機車;營業用-半聯結車;乘客-人,120.375700,22.696640
111年01月05日 16時10分00秒,宜蘭縣羅東鎮北投街332號前0.0公尺附近,死亡1;受傷1,自用-小客車;行人-人;行人-人,121.753367,24.678192
111年01月05日 16時32分00秒,桃園市桃園區春日路口 / 桃園市桃園區向善街口,死亡1;受傷0,自用-小客車;普通重型-機車,121.308659,25.018669
111年01月05日 16時41分00秒,彰化縣花壇鄉北口村彰花路451弄67號前0.0公尺,死亡1;受傷0,自用-小客車;普通重型-機車,120.520689,24.041924
111年01月05日 19時16分00秒,桃園市大溪區石園路口 / 桃園市大溪區石園路,死亡1;受傷0,行人-人;自用-小客車,121.250965,24.862166
111年01月06日 22時39分00秒,新北市五股區新北市五股區臺64線道路下五股一匝道,死亡1;受傷0,自用-小客車,121.398394,25.141247
111年01月06日 23時10分10秒,臺南市安定區國道1號 310公里700.0公尺處南側向外側,死亡1;受傷3,營業用-曳引車;自用-小客車;自用-小客車;自用-小客車;乘客-人;乘客-人,120.248579,23.101022
111年01月07日 10時03分00秒,臺北市大同區重慶北路3段88號前0.0公尺,死亡1;受傷0,營業用-小貨車(含客、貨兩用);行人-人,121.513597,25.066415
111年01月07日 12時55分00秒,臺南市新市區社內里社內28之18號前0.0公尺,死亡1;受傷0,普通重型-機車;普通重型-機車;普通重型-機車,120.285329,23.075751
111年01月07日 12時55分00秒,臺東縣池上鄉台9線 310公里,死亡1;受傷0,普通重型-機車;自用-小客車,121.197435,23.101927
111年01月07日 16時10分37秒,雲林縣麥寮鄉興華村山寮路115之60號附近,死亡1;受傷1,普通重型-機車;拼裝車-其他車,120.281800,23.747296
111年01月07日 23時06分00秒,臺中市大里區樹王里中投東路三段前0.0公尺,死亡1;受傷0,自用-小客車,120.672511,24.105498
111年01月08日 01時10分00秒,臺北市中正區新生南路1段 / 臺北市中正區仁愛路2段,死亡1;受傷2,自用-小客車;普通重型-機車;普通重型-機車;乘客-人,121.532598,25.038135
111年01月08日 16時10分00秒,臺東縣臺東市馬亨亨大道625號往東90公尺處,死亡1;受傷2,租賃車-小客車;乘客-人;乘客-人,121.141822,22.775140
111年01月08日 17時35分00秒,金門縣金湖鎮四維路15204號路燈桿前路段,死亡1;受傷0,普通重型-機車,118.461283,24.442848
111年01月09日 05時36分00秒,彰化縣芬園鄉社口村彰南路4段 / 彰化縣芬園鄉社口村成功路,死亡1;受傷0,普通重型-機車;自用-小客車;自用-小客車,120.628448,24.012001
111年01月09日 13時39分00秒,桃園市平鎮區金陵路二段385之1號前0.0公尺,死亡1;受傷0,普通重型-機車;自用-大貨車;普通重型-機車,121.225152,24.934913
111年01月09日 14時29分00秒,彰化縣大城鄉臺西村北頭巷前0.0公尺,死亡1;受傷0,普通重型-機車,120.284614,23.839906
111年01月09日 19時18分00秒,新北市新店區中央路57號前0.0公尺,死亡1;受傷0,腳踏自行車-慢車;自用-小客車,121.527702,24.975640
111年01月10日 01時58分00秒,苗栗縣頭份市國道1號 109公里600.0公尺處北側向外側,死亡1;受傷0,行人-人;民營客運-大客車,120.922081,24.697203
111年01月10日 04時43分00秒,桃園市楊梅區楊新路口 / 桃園市楊梅區大成路口,死亡1;受傷0,自用-小客車;行人-人,121.145862,24.913241
111年01月10日 09時09分59秒,苗栗縣後龍鎮台61線107公里北上側車道,死亡1;受傷0,普通重型-機車;自用-大貨車,120.746681,24.604979
111年01月10日 12時50分59秒,高雄市大樹區國道3號 384公里800.0公尺處北側向中線,死亡1;受傷1,自用-半聯結車;自用-小貨車(含客、貨兩用);乘客-人,120.452386,22.764574
111年01月10日 16時04分00秒,桃園市龜山區忠義路一段1433號前0.0公尺,死亡1;受傷0,普通重型-機車;自用-小貨車(含客、貨兩用),121.354685,25.037148
111年01月10日 16時47分00秒,澎湖縣馬公市朝陽里朝陽路口 / 澎湖縣馬公市朝陽里文昌街口,死亡1;受傷0,自用-小客車;行人-人,119.578643,23.572897
111年01月10日 21時35分00秒,高雄市杉林區杉美路附近 / 高雄市杉林區桐竹路附近,死亡1;受傷0,自用-小客車,120.529400,22.939720
111年01月11日 00時37分00秒,臺中市大雅區大雅里中清路三段1215號前0.0公尺,死亡1;受傷0,行人-人;自用-小客車,120.645202,24.225274
111年01月11日 05時20分00秒,新北市土城區中央路2段96號前0.0公尺,死亡1;受傷1,普通重型-機車;行人-人;普通重型-機車;普通重型-機車;普通重型-機車,121.442222,24.978577
111年01月11日 07時24分00秒,臺北市萬華區西寧南路13號前0.0公尺,死亡1;受傷0,腳踏自行車-慢車;普通重型-機車,121.507512,25.048317
111年01月11日 11時53分00秒,高雄市湖內區中華街 / 高雄市湖內區中華街,死亡1;受傷1,普通重型-機車;普通重型-機車,120.225600,22.908000
111年01月12日 04時57分00秒,花蓮縣秀林鄉台9丁線 61公里200.0公尺處北側向路肩,死亡1;受傷0,普通重型-機車,121.733806,24.252492
111年01月12日 13時10分16秒,宜蘭縣蘇澳鎮蘇濱路2段口 / 宜蘭縣蘇澳鎮蘇濱路2段口,死亡1;受傷1,營業用-曳引車;普通重型-機車;乘客-人,121.831949,24.630653
111年01月12日 18時43分09秒,臺南市新市區光華街口 / 臺南市新市區長安街,死亡1;受傷1,普通重型-機車;普通重型-機車,120.297352,23.073604
111年01月13日 00時37分02秒,臺南市安南區安明路三段路燈146號處,死亡1;受傷0,普通重型-機車,120.151686,23.045472
111年01月13日 06時33分00秒,新北市土城區永安街78號前0.0公尺,死亡1;受傷1,普通重型-機車;行人-人;普通重型-機車;計程車-小客車;普通重型-機車;普通重型-機車;普通重型-機車;普通重型-機車;普通重型-機車,121.432026,24.963893
111年01月13日 07時06分00秒,彰化縣員林市南平里莒光路 / 彰化縣員林市南平里新生路,死亡1;受傷1,普通重型-機車;自用-小貨車(含客、貨兩用);乘客-人,120.567877,23.969110
111年01月13日 10時13分00秒,臺中市中區綠川里台中路 / 臺中市中區綠川里建國路,死亡1;受傷1,自用-小貨車(含客、貨兩用);普通重型-機車;乘客-人;普通重型-機車,120.682499,24.135506
111年01月13日 10時40分00秒,臺東縣成功鎮三仙里高台路53號附近產業道路,死亡1;受傷0,普通重型-機車,121.396746,23.125483
111年01月13日 14時51分28秒,新竹縣湖口鄉德興北路66號,死亡1;受傷0,普通重型-機車;營業用-曳引車,121.038379,24.929845
111年01月14日 00時19分00秒,臺中市北屯區大坑里東山路二段140號前0.0公尺,死亡1;受傷0,自用-小客車;行人-人,120.761160,24.199739
111年01月14日 08時46分00秒,臺南市安定區嘉同里六塊寮157-7號前0.0公尺口,死亡1;受傷0,自用-小貨車(含客、貨兩用);普通重型-機車,120.218157,23.074706
111年01月14日 12時52分00秒,彰化縣伸港鄉定興村彰新路7段402弄61號前0.0公尺前,死亡1;受傷0,普通重型-機車,120.500978,24.159644
111年01月14日 17時16分00秒,新北市新莊區新北大道4段51號前0.0公尺,死亡1;受傷0,大型重型2(250-550C.C.)-機車,121.444448,25.058121
111年01月14日 18時07分00秒,新北市新莊區新泰路484號前0.0公尺,死亡1;受傷3,普通重型-機車;行人-人;行人-人;普通重型-機車,121.481339,25.010287
111年01月14日 18時13分00秒,臺中市大雅區上楓里民生路四段360號前0.0公尺,死亡1;受傷0,自用-小客車;普通重型-機車,120.674210,24.240437
111年01月14日 20時22分39秒,苗栗縣頭份市中正一路630號前,死亡1;受傷0,行人-人;自用-小客車,120.938683,24.683063
111年01月15日 04時45分13秒,新竹縣湖口鄉勝利村勝利路2段84號前0.0公尺,死亡1;受傷0,自用-小客車;其他人-人,121.026716,24.863505
111年01月15日 07時32分00秒,臺中市大雅區橫山里東大路二段 / 臺中市大雅區橫山里科雅六路,死亡1;受傷0,普通重型-機車;自用-小客車,120.614000,24.215220
111年01月15日 08時55分00秒,屏東縣里港鄉鐵店村鐵店路53-40號,死亡1;受傷2,自用-小客車;自用-小貨車(含客、貨兩用);行人-人;行人-人,120.506048,22.773927
111年01月15日 09時19分00秒,彰化縣溪州鄉西畔村登山路3段東側 / 彰化縣溪州鄉西畔村西南巷,死亡1;受傷1,普通重型-機車;普通重型-機車,120.541128,23.829464
111年01月15日 15時58分00秒,桃園市中壢區華美一路6號前0.0公尺,死亡1;受傷0,普通重型-機車;自用-小貨車(含客、貨兩用),121.262437,24.957655
111年01月15日 17時36分00秒,臺南市安南區海尾路上東向車道第36號路燈桿旁,死亡1;受傷2,普通重型-機車;乘客-人;乘客-人,120.178664,23.032573
111年01月15日 17時38分00秒,新竹縣竹北市中華路南下方向明新科大下坡處、台1線66公里,死亡1;受傷0,普通重型-機車,120.991837,24.859466
111年01月15日 17時40分05秒,南投縣仁愛鄉投80線3.8公里,死亡1;受傷0,普通重型-機車;行人-人,120.971382,24.065044
111年01月15日 19時18分00秒,桃園市桃園區國際路一段975巷12之1號前0.0公尺附近,死亡1;受傷0,腳踏自行車-慢車,121.286085,24.982225
111年01月15日 23時49分00秒,臺中市梧棲區安仁里臺灣大道九段2巷53號前0.0公尺,死亡1;受傷0,自用-小貨車(含客、貨兩用);自用-大貨車,120.536059,24.251250
111年01月16日 08時20分00秒,屏東縣麟洛鄉民生路與信義路口,死亡1;受傷1,普通重型-機車;普通重型-機車,120.536518,22.640102
111年01月16日 10時10分00秒,臺南市善化區文昌里西拉雅大道陸橋,死亡1;受傷1,自用-小客車;普通重型-機車,120.303312,23.107895
111年01月16日 21時00分00秒,新竹縣關西鎮新力里竹21鄉道高速公路橋下(土地公廟前),死亡1;受傷0,普通輕型-機車,121.132684,24.799722
111年01月16日 21時21分00秒,臺中市烏日區湖日里新興路 / 臺中市烏日區湖日里新興路廣惠三巷,死亡1;受傷0,自用-小客車;行人-人,120.620328,24.105414
111年01月17日 05時21分00秒,臺中市清水區西社里中清路九段前0.0公尺,死亡1;受傷0,自用-小客車;自用-大貨車,120.563776,24.271274
111年01月17日 17時34分00秒,桃園市中壢區新生路三段25之1號前0.0公尺附近,死亡1;受傷0,普通重型-機車;營業用-半聯結車,121.221923,24.988848
111年01月17日 23時31分00秒,臺中市潭子區栗林里中山路三段 / 臺中市潭子區栗林里豐栗路,死亡1;受傷0,普通重型-機車;自用-小客車,120.708055,24.227679
111年01月18日 10時33分52秒,屏東縣枋山鄉台一線內獅路口,死亡1;受傷0,普通重型-機車;自用-小客車,120.643562,22.301624
111年01月18日 20時12分00秒,臺北市文山區興隆路3段192巷8弄7號前0.0公尺,死亡1;受傷1,普通重型-機車;行人-人;自用-小客車,121.557710,24.997743
111年01月18日 21時18分00秒,新北市新莊區幸福路800號前0.0公尺,死亡1;受傷2,普通重型-機車;行人-人;乘客-人,121.446334,25.049179
111年01月18日 23時30分56秒,雲林縣口湖鄉台61線南下248.8公里處,死亡1;受傷0,自用-小客車,120.151353,23.574489
111年01月19日 09時26分00秒,高雄市林園區沿海路4段 / 高雄市林園區沿海路4段,死亡1;受傷0,普通重型-機車;民營客運-大客車,120.377100,22.503740
111年01月19日 10時40分00秒,彰化縣彰化市快官里東外環路前0.0公尺,死亡1;受傷0,普通重型-機車,120.593616,24.079842
111年01月19日 18時25分00秒,臺南市善化區溪美里台19甲線北向(溪尾838號對面)機車優先道,死亡1;受傷1,普通重型-機車;腳踏自行車-慢車,120.288209,23.144529
111年01月19日 20時03分00秒,高雄市大寮區鳳林一路492號前0.0公尺,死亡1;受傷0,普通重型-機車,120.409679,22.539851
111年01月19日 21時15分18秒,南投縣國姓鄉縣147線 5公里東側向外側,死亡1;受傷0,普通重型-機車,120.868654,23.937427
111年01月19日 21時30分00秒,苗栗縣苗栗市民族路口 / 苗栗縣苗栗市北安街口,死亡1;受傷0,自用-小客車;普通重型-機車,120.817638,24.563552
111年01月20日 08時00分00秒,臺中市西屯區港尾里中平路前0.0公尺,死亡1;受傷0,普通重型-機車;自用-小客車;普通重型-機車,120.658403,24.192534
111年01月20日 08時30分00秒,屏東縣車城鄉溫泉路與溫新路口,死亡1;受傷0,普通重型-機車,120.748635,22.094204
111年01月20日 09時08分00秒,臺中市后里區墩南里堤防路216號前0.0公尺,死亡1;受傷0,普通重型-機車;自用-半聯結車,120.712873,24.279223
111年01月20日 09時37分00秒,嘉義縣新港鄉南港村159線與嘉69線路口,死亡1;受傷0,普通重型-機車;自用-大貨車,120.305364,23.559896
111年01月20日 13時17分00秒,臺南市仁德區山線 369.0公里59.0公尺文賢路二段,死亡1;受傷0,行人-人;火車-其他車,120.251529,22.907987
111年01月20日 15時58分00秒,桃園市楊梅區青山里幼獅路一段口 / 桃園市楊梅區青山里青山一街口,死亡1;受傷3,自用-小客車;普通重型-機車;普通重型-機車;乘客-人,121.177783,24.922864
111年01月20日 18時01分00秒,新竹縣竹北市中華路1003巷口,死亡1;受傷0,普通重型-機車;營業用-全聯結車;自用-小客車,121.004550,24.850059
111年01月20日 18時46分00秒,臺北市萬華區堤外便道前0.0公尺,死亡1;受傷1,腳踏自行車-慢車;普通重型-機車,121.499179,25.041590
111年01月20日 19時31分00秒,臺東縣卑南鄉賓朗橋北端,死亡1;受傷0,普通重型-機車,121.092354,22.808123
111年01月20日 23時51分00秒,彰化縣線西鄉下犁村和樂路前0.0公尺,死亡1;受傷0,自用-小客車;普通重型-機車,120.466662,24.109458
111年01月21日 09時30分00秒,臺南市安南區四草大道口 / 臺南市安南區北汕尾一路口,死亡1;受傷0,普通重型-機車,120.132367,23.012065
111年01月21日 10時02分46秒,新竹縣關西鎮縣118線 32公里100.0公尺處,死亡1;受傷0,普通重型-機車,121.206519,24.775605
111年01月21日 10時14分36秒,臺南市新化區知義里中興路293號前0.0公尺東側,死亡1;受傷0,普通重型-機車,120.329237,23.025833
111年01月21日 11時12分00秒,高雄市大寮區鳳林三路 / 高雄市大寮區萬丹路,死亡1;受傷1,自用-小貨車(含客、貨兩用);自用-小客車;乘客-人,120.391053,22.612270
111年01月21日 18時04分00秒,彰化縣鹿港鎮洋厝里鹿草路3段 / 彰化縣鹿港鎮洋厝里鹿草路3段,死亡1;受傷1,行人-人;自用-小客車;普通重型-機車,120.451159,24.099557
111年01月21日 18時44分44秒,南投縣竹山鎮山崇里集山路一段1958巷口處,死亡1;受傷0,普通重型-機車,120.719185,23.808577
111年01月21日 19時40分00秒,屏東縣新園鄉五房路734-1號前0.0公尺,死亡1;受傷0,自用-小客車;電動自行車-慢車,120.437856,22.506779
111年01月21日 19時59分00秒,屏東縣恆春鎮鵝鑾路段往北,死亡1;受傷0,普通重型-機車;租賃車-小客車,120.851058,21.905593
111年01月21日 20時45分00秒,桃園市桃園區中正路60號前0.0公尺,死亡1;受傷1,行人-人;普通重型-機車,121.312540,24.991684
111年01月21日 23時00分00秒,新北市板橋區新北市板橋區大漢橋路往新莊方向上橋處,死亡1;受傷0,普通重型-機車,121.471979,25.017629
111年01月22日 00時00分00秒,臺北市士林區福國路 / 臺北市士林區福華路,死亡1;受傷0,腳踏自行車-慢車;自用-小客車,121.522468,25.101800
111年01月22日 15時52分00秒,高雄市岡山區岡山北路.號前0.0公尺,死亡1;受傷1,普通重型-機車;普通重型-機車;乘客-人,120.272766,22.816221
111年01月22日 20時41分00秒,苗栗縣三灣鄉中正路174號前。,死亡1;受傷1,行人-人;普通重型-機車;自用-小客車,120.957750,24.653666
111年01月22日 22時26分00秒,彰化縣溪湖鎮西勢里彰水路1段815號前0.0公尺南側,死亡1;受傷0,普通重型-機車;自用-大貨車,120.481395,23.934475
111年01月23日 16時55分00秒,高雄市甲仙區台29省道寶隆大橋號前0.0公尺附近,死亡1;受傷1,普通重型-機車;乘客-人,120.621091,23.077925
111年01月23日 23時41分00秒,臺中市大雅區橫山里東大路二段1100巷78號前0.0公尺,死亡1;受傷1,計程車-小客車;普通重型-機車;普通重型-機車;普通重型-機車;普通重型-機車;乘客-人,120.614308,24.236001
111年01月24日 09時15分29秒,臺南市下營區省道臺19甲線口 / 臺南市下營區區道南58線,死亡1;受傷1,普通重型-機車;自用-小貨車(含客、貨兩用),120.270440,23.216870
111年01月24日 15時04分00秒,臺南市白河區縣172線 36公里300.0公尺處附近,死亡1;受傷0,電動自行車-慢車,120.456261,23.350983
111年01月25日 06時12分00秒,彰化縣鹿港鎮東崎里東崎二巷 / 彰化縣鹿港鎮東崎里彰鹿路5段,死亡1;受傷0,腳踏自行車-慢車;自用-小客車,120.479561,24.049019
111年01月25日 10時28分00秒,臺東縣臺東市吉林路181巷32號前0.0公尺,死亡1;受傷0,行人-人;自用大客車-大客車;自用-小客車,121.160168,22.784270
111年01月25日 11時53分00秒,高雄市橋頭區仕豐路266號前0.0公尺前,死亡1;受傷0,普通重型-機車,120.303800,22.746990
111年01月25日 12時12分00秒,彰化縣員林市三條里條和街58號前0.0公尺,死亡1;受傷0,普通重型-機車;自用-小客車;其他人-人,120.585877,23.957329
111年01月25日 13時16分00秒,新北市石碇區新北市石碇區106乙線道路與無名路(國五交流道南下出口處),死亡1;受傷0,自用-小貨車(含客、貨兩用);自用-小客車,121.772246,25.041118
111年01月25日 19時16分00秒,臺中市大里區夏田里環河路一段 / 臺中市大里區夏田里中投東路三段,死亡1;受傷1,普通重型-機車;自用-小客車,120.664381,24.083087
111年01月25日 22時52分00秒,臺北市內湖區環東大道前0.0公尺,死亡1;受傷0,自用-小客車;大型重型2(250-550C.C.)-機車;自用-小客車,121.591038,25.061144
111年01月26日 00時06分00秒,臺中市后里區國道1號 163公里200.0公尺處南側向內側路肩,死亡2;受傷1,自用-小客車;自用-小客車;營業用-半聯結車;乘客-人,120.708746,24.323032
111年01月26日 07時48分27秒,臺東縣太麻里鄉台9線 394公里800.0公尺處東側,死亡1;受傷0,自用-小貨車(含客、貨兩用),120.975083,22.554858
111年01月26日 08時52分00秒,臺中市烏日區九德里中山路一段164號前0.0公尺,死亡1;受傷0,普通重型-機車;自用-小貨車(含客、貨兩用),120.643520,24.109555
111年01月26日 09時22分13秒,苗栗縣苑裡鎮福田里5鄰52之7號往南100公尺,死亡1;受傷0,普通重型-機車,120.672041,24.421609
111年01月26日 09時50分00秒,桃園市蘆竹區南崁路二段口 / 桃園市蘆竹區南工路口,死亡1;受傷0,腳踏自行車-慢車;營業用-半聯結車,121.277736,25.057675
111年01月26日 12時43分13秒,宜蘭縣冬山鄉冬山路1段236號前0.0公尺附近,死亡1;受傷0,普通重型-機車;自用-小客車,121.805681,24.621142
111年01月26日 15時11分00秒,彰化縣大城鄉菜寮村東平路前0.0公尺,死亡1;受傷0,營業用-大貨車;普通重型-機車,120.321878,23.869639
111年01月26日 15時59分14秒,南投縣南投市民族路160號,死亡1;受傷1,普通重型-機車;普通重型-機車,120.690050,23.909788
111年01月26日 18時18分00秒,屏東縣屏東市自由路口 / 屏東縣屏東市仁愛路,死亡1;受傷0,自用-小客車;行人-人,120.495803,22.680539
111年01月27日 07時33分00秒,新竹市北區中清路1段262-3號,死亡1;受傷0,普通重型-機車,120.931480,24.834975
111年01月27日 07時51分13秒,苗栗縣造橋鄉龍昇村台1線105公里處附近,死亡1;受傷1,自用-曳引車;自用-小客車;乘客-人,120.839325,24.643703
111年01月27日 08時09分00秒,臺中市烏日區溪壩里溪南路一段156號前0.0公尺,死亡1;受傷0,自用-小客車;普通重型-機車,120.644078,24.085316
111年01月28日 15時20分00秒,臺北市文山區興隆路4段 / 臺北市文山區興隆路4段,死亡1;受傷0,民營公車-大客車;乘客-人;普通重型-機車;自用-小客車,121.561955,24.983636
111年01月28日 16時07分19秒,新竹縣竹北市堤頂街上分6支7電桿(系統無此路段),死亡1;受傷1,普通重型-機車;普通重型-機車,121.054068,24.792737
111年01月28日 18時04分11秒,嘉義縣布袋鎮龍江里台61線270公里200公尺處南下側車道,死亡1;受傷0,普通重型-機車,120.165770,23.389863
111年01月28日 20時02分00秒,臺東縣關山鎮崁頂121號前,死亡1;受傷1,自用-小貨車(含客、貨兩用);行人-人;自用-小客車,121.158394,23.032969
111年01月28日 21時44分00秒,苗栗縣苗栗市建功里中山路187號前0.0公尺,死亡1;受傷1,腳踏自行車-慢車;普通重型-機車,120.823365,24.565412
111年01月29日 01時48分41秒,新竹市香山區西濱快速道路與高濱路口,死亡1;受傷0,普通重型-機車;營業用-半聯結車,120.898396,24.744388
111年01月29日 11時43分00秒,桃園市楊梅區楊湖路一段口 / 桃園市楊梅區楊湖路一段口,死亡1;受傷0,普通重型-機車;自用-小客車,121.124343,24.915126
111年01月29日 13時20分00秒,彰化縣伸港鄉海尾村中興路2段 / 彰化縣伸港鄉海尾村海尾路,死亡1;受傷0,普通重型-機車;自用-小貨車(含客、貨兩用),120.488379,24.165629
111年01月29日 23時35分40秒,屏東縣內埔鄉竹山路99號前,死亡1;受傷0,普通重型-機車,120.574329,22.607828
111年01月30日 00時01分00秒,新北市板橋區中山路1段252號前0.0公尺,死亡1;受傷0,普通重型-機車;營業用-大貨車,121.471462,25.014501
111年01月30日 05時22分00秒,新北市新店區新北市新店區灣潭路與灣潭路21號,死亡1;受傷0,自用-小貨車(含客、貨兩用);行人-人,121.538167,24.941232
111年01月30日 07時25分00秒,宜蘭縣壯圍鄉新南路2段附近 / 宜蘭縣壯圍鄉新南路附近,死亡1;受傷1,普通重型-機車;普通重型-機車,121.799526,24.719252
111年01月30日 09時55分00秒,臺南市新化區那拔5號,死亡1;受傷1,自用-小客車;乘客-人,120.343353,23.066606
111年01月30日 10時26分19秒,嘉義縣梅山鄉瑞峰村162甲線33.6公里,死亡1;受傷0,普通重型-機車;自用-小貨車(含客、貨兩用),120.657460,23.562802
111年01月30日 11時35分00秒,苗栗縣頭份市中央路與中央路154巷口,死亡1;受傷0,自用-小客車;普通重型-機車,120.906412,24.687624
111年01月30日 15時39分28秒,屏東縣萬巒鄉建興路北上車道,死亡1;受傷3,普通重型-機車;普通重型-機車;乘客-人;乘客-人,120.571158,22.587278
111年01月30日 20時21分00秒,彰化縣大城鄉上山村魚寮路前0.0公尺,死亡1;受傷1,普通重型-機車;普通重型-機車;自用-小貨車(含客、貨兩用),120.347672,23.906687
111年01月31日 00時14分00秒,臺東縣臺東市建和二街17巷23號前0.0公尺,死亡1;受傷0,普通重型-機車,121.051103,22.719026
111年01月31日 06時18分00秒,桃園市楊梅區中山北路一段國道一號南下匝道口往楊梅市區方向,死亡1;受傷0,自用-小客車;普通重型-機車,121.164073,24.909299
111年01月31日 10時00分00秒,臺中市北區金華里進化路 / 臺中市北區金華里興進路,死亡1;受傷0,自用-小客車;普通重型-機車,120.694374,24.155267
111年01月31日 15時32分01秒,花蓮縣豐濱鄉台11線 61公里300.0公尺處,死亡1;受傷3,自用-小貨車(含客、貨兩用);乘客-人;乘客-人;乘客-人,121.523996,23.579595
111年01月31日 15時53分00秒,桃園市龜山區忠義路一段上機車優先道往長壽路方向(電桿:楓樹幹21B4235HF374旁),死亡1;受傷0,普通重型-機車,121.348309,25.017473
111年01月31日 15時57分00秒,彰化縣田中鎮碧峰里中南路2段638號前0.0公尺前,死亡1;受傷1,腳踏自行車-慢車;大型重型1(550C.C.以上)-機車,120.600851,23.853377
111年01月31日 21時08分00秒,屏東縣三地門鄉屏185縣道好望角餐廳前,死亡1;受傷0,普通重型-機車,120.639582,22.717170
111年02月01日 03時15分00秒,臺中市大里區中投東路三段 / 臺中市大里區東興路,死亡2;受傷0,自用-小貨車(含客、貨兩用);普通重型-機車;乘客-人,120.671335,24.107821
111年02月01日 18時42分00秒,新北市三峽區新北市三峽區介壽路3段187650號燈桿前,死亡1;受傷0,普通重型-機車;普通重型-機車,121.401559,24.942308
111年02月02日 20時09分00秒,彰化縣埤頭鄉中和村彰水路1段前0.0公尺,死亡1;受傷1,自用-小客車;普通重型-機車,120.458118,23.854807
111年02月02日 23時00分00秒,高雄市前鎮區中山四路 / 高雄市前鎮區鎮海路,死亡1;受傷0,自用-小客車;普通重型-機車;乘客-人,120.318685,22.592679
111年02月03日 00時49分00秒,高雄市苓雅區四維二路 / 高雄市苓雅區光華一路,死亡1;受傷0,自用-小客車;普通輕型-機車,120.316800,22.621160
111年02月03日 01時42分38秒,南投縣南投市中興路口 / 南投縣南投市軍功路,死亡1;受傷1,自用-小客車;自用-小客車;乘客-人,120.698262,23.917880
111年02月03日 14時00分15秒,桃園市中壢區國道1號 56公里500.0公尺處南側向內壢出口匝道(高架方,死亡1;受傷0,自用-小客車;計程車-小客車,121.218300,24.971384
111年02月03日 21時16分00秒,臺北市松山區民生東路3段 / 臺北市松山區民生東路3段,死亡1;受傷0,自用-小客車;行人-人,121.547465,25.057751
111年02月04日 00時22分00秒,彰化縣秀水鄉鶴鳴村彰鹿路 / 彰化縣秀水鄉鶴鳴村民主街,死亡1;受傷0,行人-人;自用-小客車,120.494394,24.049891
111年02月04日 03時24分55秒,屏東縣新埤鄉新中路22號前0.0公尺,死亡1;受傷0,普通重型-機車;自用-小客車,120.549261,22.467354
111年02月05日 00時25分00秒,高雄市三民區九如二路 / 高雄市三民區大連街,死亡1;受傷1,普通重型-機車;自用-小客車,120.305400,22.641040
111年02月05日 08時09分00秒,新北市新店區新北市新店區中興路2段與中興路2段新店交流道,死亡1;受傷0,租賃車-小客車;普通重型-機車,121.560442,24.952478
111年02月05日 12時11分47秒,雲林縣西螺鎮新安里市場北路(振西13A電桿處),死亡1;受傷0,自用-小客車;普通重型-機車,120.452335,23.784787
111年02月05日 18時33分00秒,南投縣名間鄉投39線近白毫幹52分2,死亡1;受傷0,自用-小客車,120.704526,23.857692
111年02月05日 19時13分00秒,桃園市八德區介壽路二段口 / 桃園市八德區介壽路二段口,死亡1;受傷2,普通重型-機車;行人-人;乘客-人,121.298702,24.954653
111年02月05日 19時51分00秒,高雄市三民區明誠一路 / 高雄市三民區鼎山街,死亡1;受傷0,自用-小客車;普通重型-機車,120.321900,22.659390
111年02月06日 06時47分00秒,南投縣埔里鎮大湳里信義路口 / 南投縣埔里鎮大湳里明德北路口,死亡1;受傷0,大型重型2(250-550C.C.)-機車;自用-小客車;自用-小客車;自用-小客車,120.978409,23.974096
111年02月06日 10時19分00秒,新竹縣湖口鄉中正路三段、中美路口,死亡1;受傷1,普通重型-機車;自用-小客車;乘客-人,121.052238,24.887877
111年02月06日 10時26分00秒,桃園市大園區高鐵北路三段附近 / 桃園市大園區大竹南路附近,死亡1;受傷0,普通重型-機車;營業用-曳引車,121.228696,25.027060
111年02月06日 12時48分12秒,臺南市南區水交社路口 / 臺南市南區西門路1段口,死亡1;受傷0,普通重型-機車,120.200389,22.977767
111年02月06日 16時35分00秒,臺南市關廟區保東路大昌橋頭,死亡1;受傷0,普通重型-機車;自用-小貨車(含客、貨兩用),120.300512,22.996083
111年02月06日 17時58分00秒,彰化縣埤頭鄉埤頭村東環路3段 / 彰化縣埤頭鄉埤頭村埤頭路,死亡1;受傷0,電動自行車-慢車;自用-小客車,120.472329,23.894773
111年02月06日 20時10分00秒,臺中市豐原區鎌村里鎌村路476號前0.0公尺,死亡1;受傷0,自用-小客車;行人-人;自用-小客車,120.724446,24.225381
111年02月07日 07時40分00秒,臺中市大甲區銅安里長壽東西二路 / 臺中市大甲區銅安里長壽南北一路,死亡1;受傷1,自用-小客車;普通重型-機車;乘客-人,120.637270,24.414281
111年02月07日 08時54分00秒,新竹縣湖口鄉光復北路34號前0.0公尺附近,死亡1;受傷0,自用-小貨車(含客、貨兩用);普通重型-機車,121.026615,24.873686
111年02月07日 11時31分00秒,新北市瑞芳區新北市瑞芳區臺2線道路與臺2線道路81.7公里處,死亡1;受傷0,自用-小客車;營業用-曳引車,121.842028,25.122113
111年02月07日 18時20分00秒,高雄市梓官區公館路159號前0.0公尺,死亡1;受傷0,自用-小客車;普通重型-機車,120.269700,22.766380
111年02月08日 13時40分00秒,基隆市七堵區台62線 5公里200.0公尺處東側向內側,死亡1;受傷3,自用-小客車;乘客-人;乘客-人;乘客-人,121.734556,25.104908
111年02月08日 13時43分00秒,高雄市楠梓區楠陽高架橋稔田191路燈號前0.0公尺,死亡1;受傷1,自用-小貨車(含客、貨兩用);自用-小貨車(含客、貨兩用);民營公車-大客車,120.323989,22.724870
111年02月08日 14時41分00秒,高雄市鳥松區美山路21號前0.0公尺前,死亡1;受傷0,自用-小貨車(含客、貨兩用);普通重型-機車,120.379919,22.641474
111年02月08日 15時25分00秒,新竹縣湖口鄉中山路一段(王爺高幹68旁),死亡2;受傷0,普通重型-機車;乘客-人,121.043331,24.900595
111年02月08日 15時30分19秒,嘉義縣鹿草鄉西井村163線20.9公里,死亡1;受傷0,自用-大貨車;普通重型-機車,120.304690,23.405211
111年02月09日 01時54分00秒,新竹縣竹東鎮新中正橋往南方向車道(路燈24865號)附近,死亡1;受傷0,自用-小客車;普通重型-機車,121.060720,24.787116
111年02月10日 01時35分00秒,桃園市平鎮區延平路2段95號前0.0公尺,死亡1;受傷0,普通重型-機車,121.212395,24.949509
111年02月10日 06時58分59秒,花蓮縣吉安鄉東海十街243號前0.0公尺附近,死亡1;受傷0,自用-小客車,121.599813,23.960627
111年02月10日 09時26分00秒,屏東縣車城鄉保新路、新街路口,死亡1;受傷0,普通重型-機車;營業用-小貨車(含客、貨兩用),120.716775,22.060601
111年02月10日 14時13分00秒,嘉義縣六腳鄉正義村六腳168之7號後方40公尺處。,死亡1;受傷0,普通重型-機車;自用-小貨車(含客、貨兩用),120.257303,23.501792
111年02月10日 14時36分00秒,新竹縣湖口鄉中山路1段175巷前0.0公尺口,死亡1;受傷0,自用-小客車;普通重型-機車,121.039228,24.886096
111年02月10日 16時54分00秒,臺中市大安區頂安里東西二路 / 臺中市大安區頂安里南北七路,死亡1;受傷0,自用-大貨車;普通重型-機車,120.605574,24.388329
111年02月11日 00時53分00秒,屏東縣鹽埔鄉新埔路158號前0.0公尺,死亡1;受傷0,自用-小客車,120.566249,22.753733
111年02月11日 06時29分30秒,南投縣南投市大庄路電桿赤水幹59處,死亡1;受傷0,普通重型-機車,120.676818,23.881496
111年02月11日 08時45分00秒,新北市林口區粉寮路2段799巷前30.0公尺,死亡1;受傷0,普通重型-機車;營業用-大貨車,121.376360,25.075614
111年02月11日 08時46分00秒,高雄市左營區高鐵路前0.0公尺,死亡1;受傷0,普通重型-機車,120.311063,22.689368
111年02月11日 11時00分00秒,高雄市美濃區廣福街 / 高雄市美濃區廣福街,死亡1;受傷0,自用-小貨車(含客、貨兩用);普通重型-機車,120.580100,22.911830
111年02月11日 19時20分00秒,臺北市內湖區國道1號 17公里800.0公尺處北側向內側,死亡1;受傷0,自用-小客車;營業用-半聯結車,121.589230,25.065516
111年02月12日 01時10分00秒,苗栗縣頭份市自強路二段36號,死亡1;受傷1,自用-小客車;行人-人;行人-人,120.899210,24.684638
111年02月12日 08時45分00秒,南投縣埔里鎮台14線 51公里900.0公尺處,死亡1;受傷2,普通重型-機車;大型重型1(550C.C.以上)-機車;普通重型-機車;乘客-人,120.928360,23.971026
111年02月12日 10時31分00秒,彰化縣埔鹽鄉大有村員鹿路3段113-2號前0.0公尺,死亡1;受傷0,普通重型-機車,120.451763,24.015702
111年02月12日 11時14分14秒,新竹市東區東大路一段口 / 新竹市東區中華路二段,死亡1;受傷1,行人-人;普通重型-機車,120.975289,24.804332
111年02月12日 15時38分00秒,雲林縣莿桐鄉莿桐南路與光復路口,死亡1;受傷0,自用-小貨車(含客、貨兩用);普通重型-機車,120.501495,23.753236
111年02月12日 22時35分00秒,高雄市大寮區大漢路 / 高雄市大寮區民智街,死亡1;受傷0,普通重型-機車;大型重型1(550C.C.以上)-機車,120.383442,22.635979
111年02月13日 00時10分00秒,彰化縣埔鹽鄉角樹村員鹿路1段129號前0.0公尺前,死亡1;受傷1,普通重型-機車;乘客-人,120.468489,23.986600
111年02月13日 17時32分03秒,苗栗縣苗栗市國華路582號前0.0公尺,死亡1;受傷0,普通重型-機車;自用-小貨車(含客、貨兩用),120.817994,24.575202
111年02月13日 21時14分00秒,嘉義縣朴子市大鄉里157線33.7公里處,死亡1;受傷0,自用-小客車;普通重型-機車,120.257317,23.467638
111年02月13日 21時21分00秒,新北市新店區玫瑰路58巷前0.0公尺,死亡1;受傷0,營業用-小貨車(含客、貨兩用);民營公車-大客車,121.495438,24.946510
111年02月14日 03時38分00秒,臺中市北區崇德里崇德路一段 / 臺中市北區崇德里進化北路,死亡1;受傷1,普通重型-機車;自用-小客車,120.685456,24.163099
111年02月14日 04時18分00秒,新北市樹林區三俊街216號前0.0公尺,死亡1;受傷0,普通重型-機車;營業用-曳引車,121.421151,25.015065
111年02月14日 05時58分00秒,臺中市清水區西寧里五權東路 / 臺中市清水區西寧里中華路,死亡1;受傷0,自用-小貨車(含客、貨兩用);行人-人,120.574431,24.275476
111年02月15日 06時18分00秒,臺中市神岡區岸裡里大圳路前0.0公尺,死亡1;受傷1,普通重型-機車;腳踏自行車-慢車,120.691600,24.255000
111年02月15日 08時07分00秒,臺中市大里區夏田里環河路一段前0.0公尺,死亡1;受傷0,普通重型-機車,120.679780,24.087878
111年02月15日 15時10分00秒,高雄市三民區民族一路400號前0.0公尺,死亡1;受傷0,自用-小客車;普通重型-機車,120.315460,22.653019
111年02月15日 15時46分00秒,臺南市善化區小新里成功路口 / 臺南市善化區小新里成功路口,死亡1;受傷0,腳踏自行車-慢車;自用-小貨車(含客、貨兩用),120.311390,23.129133
111年02月15日 18時43分38秒,臺南市仁德區仁義里仁義路223號對面(仁德運動公園門口),死亡1;受傷0,普通重型-機車;自用-大貨車,120.258385,22.968534
111年02月16日 05時15分26秒,苗栗縣三義鄉國道1號 147公里600.0公尺處北側向內側,死亡1;受傷1,自用-小客車;乘客-人,120.774929,24.416695
111年02月16日 10時50分00秒,彰化縣二林鎮趙甲里鎮平巷59-13號前0.0公尺,死亡1;受傷0,普通重型-機車;自用-小客車,120.395578,23.937653
111年02月16日 11時50分00秒,桃園市中壢區圓光路二段北側 / 桃園市中壢區月山路口,死亡1;受傷0,自用-小客車;普通重型-機車,121.177059,25.005687
111年02月16日 14時36分00秒,新北市淡水區淡金路1段88號前0.0公尺,死亡1;受傷0,普通重型-機車;自用-小客車,121.458457,25.173169
111年02月16日 14時56分29秒,新竹市北區水田街口 / 新竹市北區水田街,死亡1;受傷0,自用-小客車;行人-人,120.968932,24.816375
111年02月17日 13時25分00秒,桃園市大園區新生路103號前0.0公尺,死亡1;受傷0,普通重型-機車;營業用-小貨車(含客、貨兩用),121.199998,25.064620
111年02月18日 04時30分00秒,新竹縣橫山鄉油羅溪橋北端,死亡1;受傷1,普通重型-機車;乘客-人,121.145182,24.696554
111年02月18日 06時02分23秒,嘉義縣水上鄉國道3號 300公里900.0公尺處南側向外側,死亡1;受傷0,營業用-小貨車(含客、貨兩用);營業用-半聯結車,120.440342,23.409131
111年02月18日 10時10分00秒,臺中市梧棲區中正里文化路二段166號前0.0公尺,死亡1;受傷0,自用-小貨車(含客、貨兩用);普通輕型-機車,120.531333,24.255750
111年02月18日 11時44分00秒,臺南市柳營區神農里南81線12公里處,死亡1;受傷0,營業用-大貨車;普通重型-機車,120.365003,23.265512
111年02月18日 11時50分00秒,高雄市路竹區國昌路 / 高雄市路竹區延平路,死亡1;受傷0,自用-小貨車(含客、貨兩用);行人-人,120.252800,22.857270
111年02月18日 14時30分59秒,南投縣鹿谷鄉瑞田村產業運輸大道,死亡1;受傷1,營業用-曳引車;營業用-曳引車,120.803155,23.813041
111年02月18日 15時18分00秒,雲林縣斗六市保長路530號附近,死亡1;受傷0,普通重型-機車,120.510628,23.705309
111年02月18日 16時55分00秒,高雄市仁武區澄觀路 / 高雄市仁武區新庄巷,死亡1;受傷0,自用-小客車;普通重型-機車,120.361316,22.695951
111年02月18日 18時04分00秒,桃園市平鎮區福龍路1段597號前0.0公尺附近,死亡1;受傷0,普通重型-機車;自用-大貨車,121.226100,24.895662
111年02月18日 21時44分10秒,臺南市仁德區新田里義林南路口 / 臺南市仁德區新田里德糖路口,死亡1;受傷1,普通重型-機車;大型重型1(550C.C.以上)-機車,120.260788,22.952486
111年02月19日 02時22分00秒,臺南市柳營區重溪里義士路2段前0.0公尺,死亡1;受傷0,大型重型2(250-550C.C.)-機車,120.353594,23.286995
111年02月19日 10時10分40秒,花蓮縣新城鄉台9線 176公里400.0公尺處,死亡3;受傷2,自用-小客車;乘客-人;乘客-人;乘客-人;乘客-人,121.614521,24.095608
111年02月19日 13時38分00秒,高雄市旗山區旗南三路 / 高雄市旗山區龍文巷,死亡1;受傷0,普通重型-機車;營業用-曳引車,120.450556,22.775311
111年02月19日 17時59分00秒,高雄市仁武區大豐街160號前0.0公尺前,死亡1;受傷0,腳踏自行車-慢車;自用-小客車,120.337511,22.674553
111年02月20日 00時50分00秒,新北市泰山區國道1號 35公里600.0公尺處南側向輔助,死亡3;受傷0,自用-小客車;乘客-人;乘客-人,121.415622,25.062015
111年02月20日 02時19分00秒,嘉義縣太保市東勢里嘉58-1線3.3公里處,死亡1;受傷0,普通重型-機車,120.303420,23.468155
111年02月20日 06時11分00秒,臺中市沙鹿區鹿寮里光大路 / 臺中市沙鹿區鹿寮里福人街,死亡1;受傷0,租賃車-小客車;行人-人,120.564366,24.244551
111年02月20日 09時18分00秒,基隆市安樂區基隆市安樂區台2線(濱海公路)路燈桿68016號處,死亡1;受傷1,普通重型-機車;自用-小貨車(含客、貨兩用),121.705887,25.175119
111年02月20日 13時40分00秒,新竹市北區成功路近延平路(燈桿:214113),死亡1;受傷0,普通重型-機車,120.948591,24.805538
111年02月21日 07時21分50秒,屏東縣萬丹鄉水仙村新福路與產業道路,死亡1;受傷0,自用-小貨車(含客、貨兩用);普通重型-機車,120.499168,22.559034
111年02月21日 16時23分13秒,桃園市八德區桃德路附近 / 桃園市八德區桃德路附近,死亡1;受傷0,自用-小客車;普通重型-機車,121.295119,24.968905
111年02月21日 19時22分00秒,新北市五股區新北市五股區成蘆橋道路五股往蘆洲,死亡1;受傷0,普通重型-機車,121.455990,25.099691
111年02月21日 20時29分00秒,屏東縣潮州鎮屏75線2.2公里南下外側車道(P24橋敦附近),死亡1;受傷0,普通重型-機車,120.525514,22.559089
111年02月22日 01時03分00秒,新北市泰山區泰林路3段335號前0.0公尺,死亡1;受傷0,普通重型-機車,121.410120,25.070845
111年02月22日 07時26分00秒,彰化縣永靖鄉瑚璉村中山路2段203號前0.0公尺前,死亡1;受傷0,普通重型-機車,120.551413,23.922201
111年02月22日 09時23分00秒,屏東縣屏東市海豐街76號前0.0公尺附近,死亡1;受傷2,普通重型-機車;普通重型-機車;乘客-人,120.516372,22.703663
111年02月22日 11時23分00秒,臺中市清水區國道3號 171公里300.0公尺處南側向中線,死亡1;受傷1,自用-小貨車(含客、貨兩用);自用-小客車;營業用-半聯結車;自用-小客車;乘客-人,120.590438,24.268843
111年02月22日 12時34分00秒,高雄市鳥松區松藝路鳥松0028路燈號前0.0公尺前,死亡1;受傷0,普通重型-機車,120.341200,22.663650
111年02月22日 21時23分00秒,桃園市桃園區文中路390號前0.0公尺,死亡1;受傷0,普通重型-機車,121.284859,24.995321
111年02月23日 07時07分00秒,高雄市路竹區復興路1250號前0.0公尺前,死亡1;受傷0,普通重型-機車;營業用-大貨車,120.287400,22.829820
111年02月23日 12時55分00秒,嘉義縣大林鎮國道3號 283公里700.0公尺處南側向內側,死亡1;受傷1,自用-小客車;乘客-人,120.506371,23.572735
111年02月23日 19時35分18秒,花蓮縣鳳林鎮中正路188-3號前0.0公尺,死亡1;受傷0,普通重型-機車;自用-小貨車(含客、貨兩用),121.445352,23.737886
111年02月24日 01時16分00秒,新竹縣峨眉鄉臺3線90.5K,死亡1;受傷0,普通重型-機車,120.984991,24.696767
111年02月24日 01時30分00秒,桃園市平鎮區中豐路200號前0.0公尺,死亡1;受傷0,普通重型-機車,121.216449,24.942222
111年02月24日 04時47分00秒,臺中市霧峰區五福里環河路一段708號前0.0公尺,死亡1;受傷1,自用-小客車;大客車-軍車;乘客-人,120.657713,24.086201
111年02月24日 17時06分44秒,宜蘭縣三星鄉大洲橋北端(宜26縣9.7公里處),死亡1;受傷0,營業用-曳引車;普通輕型-機車,121.732945,24.691308
111年02月25日 00時45分00秒,桃園市龍潭區中豐路口 / 桃園市龍潭區中豐路口,死亡1;受傷3,自用-小客車;自用-小客車;自用-小貨車(含客、貨兩用);自用-小貨車(含客、貨兩用);自用-小客車;自用-大貨車;乘客-人;乘客-人,121.212542,24.890519
111年02月25日 07時00分00秒,臺中市大里區夏田里環河路一段前0.0公尺,死亡1;受傷0,普通重型-機車,120.655053,24.088286
111年02月25日 12時45分00秒,基隆市七堵區泰安路123號前0.0公尺,死亡1;受傷0,營業用-小貨車(含客、貨兩用);普通重型-機車,121.710605,25.079284
111年02月25日 19時28分00秒,高雄市大寮區鳳林四路190號前0.0公尺,死亡1;受傷0,行人-人;自用-小貨車(含客、貨兩用),120.384899,22.617608
111年02月26日 02時38分24秒,苗栗縣大湖鄉台3線 132公里500.0公尺處,死亡1;受傷0,行人-人;自用-小客車,120.867799,24.399250
111年02月26日 02時47分15秒,花蓮縣秀林鄉台9丁線 62公里600.0公尺處,死亡1;受傷0,普通重型-機車,121.694185,24.220305
111年02月26日 09時43分00秒,新北市三重區新北大道1段129號前0.0公尺,死亡1;受傷0,計程車-小客車;普通重型-機車;營業用-曳引車,121.483446,25.061512
111年02月26日 10時20分00秒,高雄市三民區大順二路 / 高雄市三民區鼎山街,死亡1;受傷0,自用-小客車;普通重型-機車,120.318859,22.653515
111年02月26日 11時05分00秒,新北市淡水區建設街 / 新北市淡水區文化路,死亡1;受傷1,自用-小客車;普通重型-機車;乘客-人,121.438955,25.172019
111年02月26日 11時27分00秒,屏東縣萬丹鄉萬順路2段口 / 屏東縣萬丹鄉南北路1段,死亡1;受傷0,普通重型-機車;租賃車-小客車;乘客-人,120.467028,22.604472
111年02月26日 11時52分00秒,新北市汐止區新北市汐止區瑞松街520171號燈桿附近,死亡1;受傷0,普通重型-機車,121.645648,25.105866
111年02月26日 17時10分00秒,高雄市橋頭區甲典街 / 高雄市橋頭區通典路,死亡1;受傷0,自用-小客車;普通重型-機車,120.278948,22.742179
111年02月27日 03時04分00秒,臺中市南屯區溝墘里文心路一段 / 臺中市南屯區溝墘里大業路,死亡1;受傷0,普通重型-機車;自用-小貨車(含客、貨兩用),120.646661,24.153408
111年02月27日 07時12分00秒,臺南市永康區龍昌街口 / 臺南市永康區中山北路口,死亡1;受傷0,腳踏自行車-慢車;自用-小客車,120.268415,23.029742
111年02月27日 09時12分00秒,臺中市新社區慶西里下坪路31-3號前0.0公尺附近,死亡1;受傷0,自用-小貨車(含客、貨兩用);普通重型-機車,120.821977,24.189148
111年02月27日 16時16分40秒,宜蘭縣三星鄉人和村雙和中路176號前,死亡1;受傷1,普通重型-機車;自用-小客車;乘客-人;乘客-人;乘客-人,121.644052,24.668457
111年02月28日 07時23分00秒,臺南市新化區大德路188號前0.0公尺附近,死亡2;受傷0,普通重型-機車;自用-大貨車;乘客-人,120.294802,23.043771
111年02月28日 13時59分00秒,臺南市龍崎區縣182線 27公里800.0公尺處東側,死亡1;受傷0,普通重型-機車,120.420689,22.931994
111年02月28日 15時45分00秒,基隆市信義區深美街76號前0.0公尺,死亡1;受傷0,普通重型-機車,121.780962,25.135206
111年03月01日 04時12分00秒,彰化縣大村鄉美港村中山路1段241號前0.0公尺,死亡1;受傷0,自用-小客車;行人-人,120.544500,24.077500
111年03月01日 07時24分00秒,臺中市后里區公館里三豐路五段786號前0.0公尺,死亡1;受傷0,自用-大貨車;大型重型1(550C.C.以上)-機車,120.732548,24.342979
111年03月01日 10時48分00秒,新北市蘆洲區環堤大道路 / 新北市蘆洲區2號越堤道,死亡1;受傷1,自用-大貨車;普通重型-機車;普通重型-機車,121.457156,25.091173
111年03月01日 19時25分00秒,高雄市大寮區鳳屏二路347號前0.0公尺,死亡1;受傷2,普通重型-機車;腳踏自行車-慢車;乘客-人,120.395800,22.635030
111年03月02日 01時10分00秒,雲林縣虎尾鎮頂溪里西園76號前,死亡1;受傷0,普通重型-機車,120.466337,23.738702
111年03月02日 07時54分00秒,高雄市林園區王公路164號前0.0公尺,死亡1;受傷1,腳踏自行車-慢車;普通重型-機車,120.390819,22.510050
111年03月02日 09時49分00秒,桃園市桃園區三民路二段口 / 桃園市桃園區民生路口,死亡1;受傷0,普通重型-機車;營業用-曳引車,121.310532,24.999997
111年03月02日 11時11分00秒,高雄市楠梓區德民路 / 高雄市楠梓區翠屏路,死亡1;受傷0,自用-小客車;腳踏自行車-慢車,120.299970,22.724503
111年03月02日 13時50分00秒,桃園市龜山區文化二路38-11號前0.0公尺附近,死亡1;受傷0,普通重型-機車;租賃車-小客車,121.366010,25.058068
111年03月02日 15時25分06秒,臺南市歸仁區後市里中山路二段口 / 臺南市歸仁區後市里民族北街北側,死亡1;受傷0,自用-小貨車(含客、貨兩用);普通重型-機車;普通重型-機車;普通重型-機車,120.292241,22.967029
111年03月02日 17時13分00秒,臺北市中山區北安路 / 臺北市中山區北安路,死亡1;受傷4,自用-小客車;大型重型1(550C.C.以上)-機車;普通重型-機車;普通重型-機車;普通重型-機車;自用-小客車;普通重型-機車;自用-小貨車(含客、貨兩用);普通重型-機車;普通重型-機車,121.549381,25.084112
111年03月02日 17時47分00秒,臺南市東區崇明路口 / 臺南市東區崇明路口,死亡1;受傷1,自用-小客車;普通重型-機車,120.219417,22.978407
111年03月02日 23時34分00秒,苗栗縣苗栗市中華路686號對面,死亡1;受傷1,普通重型-機車;自用-小貨車(含客、貨兩用);乘客-人,120.825156,24.588724
111年03月03日 10時29分00秒,高雄市仁武區鳳仁路 / 高雄市仁武區竹門巷,死亡1;受傷0,動力機械-其他車;普通重型-機車,120.340692,22.708360
111年03月03日 11時47分46秒,嘉義縣溪口鄉溪東村成功路81號前0.0公尺,死亡1;受傷0,普通重型-機車;自用-小貨車(含客、貨兩用),120.398156,23.600801
111年03月03日 17時45分00秒,高雄市燕巢區海成街26號前0.0公尺,死亡1;受傷0,自用-小客車;普通輕型-機車,120.315818,22.773501
111年03月04日 07時55分00秒,臺中市清水區西社里中華路 / 臺中市清水區西社里鰲峰路,死亡1;受傷0,普通重型-機車;自用-小客車,120.566866,24.268273
111年03月04日 09時38分00秒,臺中市后里區公館里重劃西路前0.0公尺,死亡1;受傷0,普通重型-機車,120.723860,24.338755
111年03月04日 15時02分00秒,嘉義縣太保市南新里北港路二段、南埤路路口,死亡1;受傷0,營業用-曳引車;普通重型-機車,120.384175,23.496235
111年03月04日 21時35分51秒,臺南市北區和緯路二段口 / 臺南市北區育德一街口,死亡1;受傷1,普通重型-機車;普通輕型-機車,120.205118,23.012417
111年03月05日 01時13分48秒,新竹縣湖口鄉八德路2段175-1號前0.0公尺南側,死亡1;受傷0,普通重型-機車;營業用-曳引車,121.061303,24.879337
111年03月05日 03時11分00秒,宜蘭縣冬山鄉珍珠三路口 / 宜蘭縣冬山鄉幸福一路口,死亡1;受傷1,自用-小客車;普通重型-機車,121.784239,24.649725
111年03月05日 09時49分28秒,臺南市新市區環東路二段與南科六路路口往北車道,死亡1;受傷3,普通重型-機車;自用-小客車;乘客-人;乘客-人,120.283596,23.106972
111年03月05日 09時51分00秒,臺南市佳里區台19線 125公里200.0公尺處南側,死亡1;受傷0,自用-小客車,120.188658,23.147220
111年03月05日 10時20分00秒,臺中市大肚區新興里自由路 / 臺中市大肚區新興里自由路,死亡1;受傷0,普通重型-機車;自用-小客車,120.548442,24.143438
111年03月05日 15時50分00秒,高雄市美濃區復興街2段 / 高雄市美濃區龜山街,死亡1;受傷1,自用-小客車;營業用-半聯結車;乘客-人,120.561637,22.856672
111年03月05日 21時28分00秒,雲林縣麥寮鄉雲3道路,死亡1;受傷1,自用-小客車;自用-小客車,120.232165,23.781397
111年03月06日 00時26分00秒,苗栗縣後龍鎮國道3號 126公里300.0公尺處南側向外側,死亡1;受傷3,自用-小客車;租賃車-小客車;自用-小客車;自用-小客車;自用-小客車;自用-小客車;自用-小客車;乘客-人;乘客-人,120.796847,24.607359
111年03月06日 02時14分00秒,桃園市中壢區中正路口 / 桃園市中壢區環西路口,死亡1;受傷0,租賃車-小客車;行人-人,121.207885,24.961570
111年03月06日 02時28分00秒,臺南市永康區國道1號 321公里500.0公尺處南側向外側,死亡1;受傷0,自用-小客車;營業用-半聯結車,120.249199,23.028060
111年03月06日 09時30分00秒,新北市林口區新北市林口區臺61線道路北上13公里處,死亡1;受傷0,自用-小客車;自用-大貨車,121.343132,25.101927
111年03月07日 03時29分29秒,雲林縣口湖鄉台17線(口湖休息站旁),死亡1;受傷0,自用-小客車,120.151158,23.574618
111年03月07日 05時04分00秒,桃園市觀音區新華路一段口 / 桃園市觀音區新華路一段口,死亡1;受傷0,行人-人;營業用-曳引車,121.108030,24.988870
111年03月07日 09時31分00秒,臺中市南屯區文山里向上路五段前0.0公尺,死亡1;受傷0,普通重型-機車,120.591166,24.158921
111年03月07日 14時46分00秒,彰化縣福興鄉番婆村彰鹿路6段504弄217號前0.0公尺附近,死亡1;受傷0,腳踏自行車-慢車,120.460870,24.051578
111年03月07日 15時37分00秒,苗栗縣銅鑼鄉樟樹村竹圍42之1號前,死亡1;受傷0,普通重型-機車,120.777050,24.439788
111年03月07日 15時45分00秒,高雄市苓雅區三多一路 / 高雄市苓雅區建軍路,死亡1;受傷0,普通重型-機車;租賃車-小客車,120.342320,22.624689
111年03月07日 17時06分00秒,臺中市太平區工業路215號前0.0公尺,死亡1;受傷1,普通重型-機車;自用-小客車;普通重型-機車,120.720809,24.107143
111年03月07日 17時25分00秒,新北市蘆洲區長安街 / 新北市蘆洲區環堤大道路,死亡1;受傷1,行人-人;普通重型-機車,121.456789,25.086955
111年03月07日 21時48分27秒,桃園市大溪區國道3號 63公里北側向內側,死亡1;受傷2,自用-小客車;其他人-人;自用-小客車;自用-大貨車,121.263343,24.889259
111年03月08日 04時45分00秒,新北市金山區新北市金山區三界壇路486253號燈桿前,死亡1;受傷0,普通重型-機車,121.628712,25.225609
111年03月08日 07時12分00秒,新竹縣竹東鎮光明路930-1號附近,死亡1;受傷0,普通重型-機車;自用-小客車,121.050363,24.784525
111年03月08日 07時50分00秒,新竹市香山區西濱快速道路南下側車道84.2K(近無名巷口),死亡1;受傷1,自用-小貨車(含客、貨兩用);普通重型-機車;普通重型-機車,120.893511,24.741052
111年03月08日 09時02分00秒,新北市新店區新北市新店區青山路與青山路無名巷(128309號燈桿),死亡1;受傷1,大型重型2(250-550C.C.)-機車;普通重型-機車,121.514340,24.949751
111年03月08日 09時47分00秒,臺北市北投區大度路2段 / 臺北市北投區承德路7段,死亡1;受傷0,營業用-曳引車;普通重型-機車,121.485891,25.121646
111年03月08日 16時11分37秒,臺南市仁德區上崙一街口 / 臺南市仁德區崑崙路口,死亡1;受傷1,普通重型-機車;電動自行車-慢車,120.257811,22.938422
111年03月08日 17時56分05秒,嘉義縣民雄鄉豐收村好收22A分35北分15分1號電桿旁村里道路,死亡1;受傷0,普通重型-機車;自用-小客車,120.455728,23.568099
111年03月08日 18時32分00秒,臺中市太平區德隆里太堤東路前0.0公尺,死亡1;受傷3,自用-小貨車(含客、貨兩用);自用-小貨車(含客、貨兩用);乘客-人;乘客-人,120.712287,24.106478
111年03月08日 19時16分00秒,高雄市鳳山區鳳頂路 / 高雄市鳳山區過埤路,死亡1;受傷3,普通重型-機車;自用-小客車;乘客-人;乘客-人,120.358700,22.589990
111年03月09日 06時08分00秒,臺中市太平區新興里新興路172號前0.0公尺,死亡1;受傷1,行人-人;普通重型-機車,120.707773,24.159304
111年03月09日 06時27分00秒,高雄市仁武區鳳仁路26之3號前0.0公尺,死亡1;受傷0,普通重型-機車,120.356263,22.680234
111年03月09日 07時41分00秒,嘉義縣朴子市德興里縣157線與產業道路口,死亡1;受傷0,自用-大貨車;普通重型-機車,120.265501,23.472773
111年03月09日 12時17分00秒,高雄市岡山區中山北路 / 高雄市岡山區平和東街,死亡1;受傷1,普通重型-機車;普通重型-機車,120.298746,22.794770
111年03月09日 13時41分02秒,嘉義縣六腳鄉台19線 77公里500.0公尺處北側向外側,死亡1;受傷0,普通重型-機車;自用-小貨車(含客、貨兩用),120.260983,23.518714
111年03月09日 15時00分00秒,新北市貢寮區台2線 108公里200.0公尺處西側向外側,死亡2;受傷0,普通重型-機車;營業用-曳引車;乘客-人,121.999400,25.013538
111年03月09日 16時36分00秒,彰化縣和美鎮湖內里彰新路6段689弄前0.0公尺,死亡1;受傷0,普通重型-機車,120.508851,24.152131
111年03月09日 17時07分00秒,臺中市西屯區惠來里市政北二路前0.0公尺,死亡1;受傷0,普通重型-機車;自用-小客車,120.637238,24.162893
111年03月10日 04時25分00秒,彰化縣社頭鄉仁雅村中山路1段306號前0.0公尺前,死亡1;受傷0,普通重型-機車;遊覽車-大客車,120.584305,23.892085
111年03月10日 07時21分10秒,屏東縣高樹鄉屏185線道9K處馬津幹63電杆旁,死亡1;受傷0,自用-大貨車;普通重型-機車,120.623494,22.806643
111年03月10日 07時35分00秒,桃園市楊梅區泰圳路附近 / 桃園市楊梅區上湖一路附近,死亡1;受傷0,普通重型-機車,121.104550,24.902898
111年03月10日 10時42分20秒,屏東縣東港鎮朝隆路與新生三路口,死亡1;受傷0,普通重型-機車;民營客運-大客車,120.444040,22.467754
111年03月11日 00時15分30秒,南投縣埔里鎮南環路西北橋附近,死亡1;受傷0,普通重型-機車,120.951796,23.964823
111年03月11日 03時45分48秒,苗栗縣三義鄉國道1號 151公里300.0公尺處北側向爬坡,死亡2;受傷0,自用-小貨車(含客、貨兩用);營業用-半聯結車;乘客-人,120.755694,24.389010
111年03月11日 04時55分00秒,嘉義縣中埔鄉義仁村台三線與嘉132線岔路口,死亡2;受傷2,自用-小貨車(含客、貨兩用);營業用-曳引車;乘客-人;乘客-人;乘客-人,120.528903,23.446715
111年03月11日 09時30分00秒,臺中市大里區西湖里大峰路 / 臺中市大里區西湖里西湖路,死亡1;受傷0,自用-大貨車;行人-人,120.688994,24.078150
111年03月11日 09時35分00秒,臺中市后里區中和里公安路202號前20.0公尺東側,死亡1;受傷0,自用-小客車,120.702667,24.308202
111年03月11日 16時30分00秒,彰化縣大城鄉菜寮村蔡厝巷口 / 彰化縣大城鄉菜寮村過溝巷口,死亡2;受傷0,普通重型-機車;普通重型-機車,120.308196,23.862830
111年03月11日 18時18分00秒,屏東縣新埤鄉新埤村箕湖橋西向1.9公里,死亡1;受傷0,普通重型-機車,120.588569,22.470075
111年03月11日 22時33分00秒,嘉義縣中埔鄉台3線 295公里700.0公尺處北側,死亡1;受傷1,自用-小客車;行人-人;自用-小客車,120.530675,23.380660
111年03月11日 23時43分00秒,臺北市萬華區西園路2段 / 臺北市萬華區艋舺大道,死亡1;受傷1,普通輕型-機車;普通重型-機車;計程車-小客車,121.497866,25.033088
111年03月13日 06時55分00秒,高雄市鳳山區五甲一路.號前0.0公尺,死亡1;受傷0,普通重型-機車,120.350200,22.611900
111年03月13日 13時33分00秒,屏東縣屏東市泰和產業道路電桿(電錶號10-5080-19),死亡1;受傷0,普通重型-機車,120.486962,22.671329
111年03月13日 16時52分00秒,臺南市白河區南92-1 1公里,死亡2;受傷1,自用-小客車;行人-人;行人-人,120.441640,23.372443
111年03月13日 17時35分20秒,臺南市柳營區人和里雙和路北側 / 臺南市柳營區人和里界和路東側,死亡1;受傷0,民營公車-大客車;大型重型2(250-550C.C.)-機車,120.303160,23.284742
111年03月13日 23時12分00秒,臺中市北屯區仁和里山西路二段 / 臺中市北屯區仁和里崇德八路一段,死亡1;受傷0,普通重型-機車;自用-小客車,120.680073,24.185281
111年03月14日 13時24分00秒,新北市林口區文化一路2段 / 新北市林口區中山路,死亡1;受傷0,自用-大貨車;普通重型-機車,121.384402,25.082865
111年03月14日 16時37分00秒,高雄市桃源區勤和里勤和巷36號前0.0公尺前,死亡1;受傷0,自用-大貨車;行人-人,120.774570,23.170504
111年03月14日 18時06分00秒,高雄市湖內區忠孝街 / 高雄市湖內區忠孝街,死亡1;受傷1,普通重型-機車;遊覽車-大客車;乘客-人,120.237878,22.893036
111年03月14日 18時40分00秒,雲林縣大埤鄉台一線與台78線匝道,死亡1;受傷1,普通重型-機車;自用-小客車;乘客-人,120.473487,23.658820
111年03月14日 22時21分56秒,南投縣埔里鎮台21線 51公里300.0公尺處,死亡1;受傷0,普通重型-機車,120.926755,23.936596
111年03月15日 06時24分41秒,南投縣南投市中興路口 / 南投縣南投市軍功路口,死亡1;受傷1,普通重型-機車;營業用-曳引車;乘客-人,120.692452,23.922573
111年03月15日 06時27分00秒,彰化縣二林鎮萬合里太平路2段前0.0公尺東側,死亡1;受傷0,普通重型-機車,120.412811,23.919133
111年03月15日 07時40分00秒,屏東縣里港鄉高樹大橋里港端旁引道,死亡1;受傷0,普通重型-機車;營業用-曳引車,120.537635,22.780977
111年03月15日 09時54分00秒,屏東縣恆春鎮南灣路往潭仔方向,死亡1;受傷0,普通重型-機車,120.770969,21.954250
111年03月15日 11時09分00秒,高雄市左營區自由四路口 / 高雄市左營區自由四路口,死亡1;受傷1,普通輕型-機車;普通重型-機車,120.317823,22.686161
111年03月15日 12時37分00秒,桃園市中壢區民權路三段299號前0.0公尺附近,死亡1;受傷0,普通重型-機車;營業用-小貨車(含客、貨兩用),121.213370,24.974868
111年03月15日 18時10分55秒,宜蘭縣大同鄉泰雅路二段92巷99號(沐野露營區)往山上約800公尺之產業道路上,死亡1;受傷0,自用-小貨車(含客、貨兩用),121.564815,24.644622
111年03月15日 19時07分00秒,高雄市楠梓區創新路 / 高雄市楠梓區土庫二路,死亡1;受傷1,普通重型-機車;行人-人,120.324430,22.740414
111年03月15日 19時32分03秒,嘉義縣水上鄉溪州村外溪洲運動公園旁產業道路,死亡1;受傷1,普通重型-機車;行人-人,120.395124,23.417526
111年03月16日 05時22分00秒,臺中市大甲區頂店里中山路一段1148號前0.0公尺,死亡1;受傷0,自用-小客車;行人-人;自用-小客車,120.632901,24.355876
111年03月16日 07時45分44秒,南投縣竹山鎮社竂里集山路一段1729號旁與投43線頂埔巷交叉路處,死亡1;受傷0,自用-小客車;普通重型-機車,120.718147,23.807734
111年03月16日 08時19分00秒,雲林縣元長鄉五塊村魚寮29分8東5電桿旁路口,死亡1;受傷0,普通重型-機車;自用-小貨車(含客、貨兩用),120.278424,23.648933
111年03月16日 20時15分00秒,雲林縣莿桐鄉延平路與西安路27巷口,死亡1;受傷0,腳踏自行車-慢車;自用-小客車,120.496691,23.759108
111年03月16日 22時15分00秒,臺中市大里區樹王里德芳路二段 / 臺中市大里區樹王里爽文路,死亡1;受傷0,自用-小客車;普通重型-機車;自用-小貨車(含客、貨兩用);自用-小客車,120.674550,24.103085
111年03月17日 06時51分00秒,屏東縣萬丹鄉台八八快速道路西向15公里處,死亡1;受傷0,營業用-曳引車;營業用-曳引車;自用-小客車,120.470791,22.575989
111年03月17日 20時20分00秒,宜蘭縣五結鄉五結路3段附近 / 宜蘭縣五結鄉五結路3段,死亡1;受傷0,普通重型-機車;自用-小客車,121.781909,24.682613
111年03月17日 22時13分00秒,新北市板橋區大觀路1段 / 新北市板橋區大觀路1段,死亡1;受傷1,行人-人;普通重型-機車,121.449791,25.012623
111年03月18日 01時27分00秒,臺北市中山區松江路 / 臺北市中山區錦州街,死亡1;受傷1,普通輕型-機車;自用-小客車,121.533175,25.060340
111年03月18日 03時54分00秒,南投縣仁愛鄉萬豐村投83縣道22.1公里處,死亡1;受傷0,普通重型-機車,121.074836,23.930932
111年03月18日 18時54分00秒,臺北市士林區士東路 / 臺北市士林區芝玉路2段,死亡1;受傷2,自用-小客車;行人-人;行人-人;行人-人,121.535313,25.112960
111年03月19日 05時39分00秒,苗栗縣苗栗市玉苗里中山路659號前0.0公尺,死亡1;受傷0,自用-小客車;行人-人;自用-小客車;自用-小客車,120.818647,24.556225
111年03月19日 05時45分00秒,屏東縣新園鄉後厝路3之7號前0.0公尺附近,死亡1;受傷0,普通重型-機車,120.471015,22.548598
111年03月19日 06時29分00秒,高雄市岡山區新樂街120號前0.0公尺,死亡1;受傷0,普通重型-機車,120.294814,22.805430
111年03月19日 13時00分00秒,新北市汐止區福德二路 / 新北市汐止區南陽街,死亡1;受傷0,普通重型-機車;自用-小客車;其他人-人,121.630273,25.065021
111年03月19日 13時42分00秒,臺中市大甲區文武里德興路 / 臺中市大甲區文武里仁愛街,死亡1;受傷0,普通重型-機車;自用-小客車,120.620517,24.351716
111年03月19日 13時59分00秒,高雄市苓雅區五福三路145號前0.0公尺,死亡1;受傷1,普通重型-機車;自用-小貨車(含客、貨兩用);乘客-人,120.292500,22.620610
111年03月19日 14時49分00秒,臺中市南屯區豐樂里文心南七路 / 臺中市南屯區豐樂里豐順街,死亡1;受傷1,普通重型-機車;自用-小客車;自用-小客車;乘客-人,120.640605,24.129541
111年03月19日 19時05分00秒,高雄市鳳山區五甲二路 / 高雄市鳳山區五甲二路,死亡1;受傷1,普通重型-機車;自用-小貨車(含客、貨兩用);普通重型-機車,120.338040,22.599661
111年03月19日 21時00分00秒,苗栗縣三義鄉水美13之2號附近道路附近,死亡1;受傷0,電動自行車-慢車,120.761568,24.397033
111年03月20日 04時27分00秒,新北市林口區新北市林口區台15線道後坑35號旁,死亡1;受傷0,自用-小客車;腳踏自行車-慢車,121.363056,25.101667
111年03月20日 12時45分00秒,嘉義縣中埔鄉中崙村台3線311.6公里處,死亡1;受傷0,大型重型1(550C.C.以上)-機車,120.574338,23.372951
111年03月20日 17時07分54秒,臺南市北門區文山里無名道路(佳學高幹319左6)附近,死亡1;受傷0,普通重型-機車,120.129110,23.243399
111年03月20日 20時03分49秒,新竹市北區竹港大橋P15處,死亡1;受傷1,自用-小客車;自用-大貨車;自用-小客車,120.937967,24.846580
111年03月21日 11時19分00秒,高雄市左營區城峰路海勝006路燈號前0.0公尺,死亡1;受傷0,普通重型-機車,120.287862,22.672833
111年03月21日 11時49分00秒,臺南市永康區永華路口 / 臺南市永康區永榮二街口,死亡1;受傷0,營業用-大貨車;普通重型-機車,120.258380,23.014905
111年03月21日 16時30分00秒,雲林縣大埤鄉大埤路543號前(中油加油站),死亡1;受傷0,自用-小貨車(含客、貨兩用);普通重型-機車;自用-小客車,120.434794,23.646299
111年03月21日 18時59分00秒,高雄市橋頭區典昌路 / 高雄市橋頭區典昌街,死亡1;受傷1,普通重型-機車;行人-人,120.271352,22.730857
111年03月21日 23時06分00秒,高雄市岡山區國道1號 348公里900.0公尺處南側向內側,死亡1;受傷2,普通重型-機車;自用-小客車;乘客-人,120.315962,22.805782
111年03月22日 02時23分00秒,臺東縣臺東市台11線 164公里200.0公尺處北側,死亡1;受傷0,普通重型-機車,121.150070,22.743427
111年03月22日 05時31分00秒,臺中市霧峰區四德里四德北路75號前0.0公尺,死亡1;受傷1,普通重型-機車;行人-人,120.665224,24.066778
111年03月22日 07時54分55秒,花蓮縣吉安鄉中央路3段口 / 花蓮縣吉安鄉建昌路,死亡1;受傷0,自用-小客車;普通重型-機車;自用-小客車,121.589844,23.990407
111年03月22日 08時34分00秒,嘉義縣六腳鄉灣南村灣內31號之5前,死亡1;受傷0,自用-小貨車(含客、貨兩用);腳踏自行車-慢車,120.308353,23.498465
111年03月22日 09時15分29秒,臺南市新化區北勢里省道臺39線北側 / 臺南市新化區北勢里北勢路西側,死亡1;受傷0,其他特種車-特種車;普通重型-機車,120.288397,23.048605
111年03月22日 11時27分55秒,苗栗縣造橋鄉台1線 105公里200.0公尺處南側,死亡1;受傷1,營業用-曳引車;自用-小客車;乘客-人,120.845474,24.644771
111年03月22日 12時13分09秒,屏東縣竹田鄉新勢路與竹南路口,死亡1;受傷0,普通重型-機車;自用-小客車,120.536558,22.623303
111年03月22日 19時26分00秒,高雄市仁武區澄觀路口 / 高雄市仁武區仁林路口,死亡1;受傷0,營業用-曳引車;普通重型-機車,120.359900,22.701540
111年03月23日 05時43分00秒,屏東縣高樹鄉世一路(電桿泰南幹38),死亡1;受傷0,自用-小貨車(含客、貨兩用);普通重型-機車;自用-小客車,120.598568,22.775329
111年03月23日 09時27分00秒,桃園市平鎮區三興路東勢段47-7號前0.0公尺,死亡1;受傷0,普通重型-機車;營業用-曳引車,121.229192,24.909303
111年03月23日 10時35分00秒,彰化縣彰化市磚󿾨里彰草路 / 彰化縣彰化市磚󿾨里彰草路,死亡1;受傷0,普通重型-機車;營業用-大貨車,120.522652,24.077683
111年03月23日 11時36分00秒,桃園市大園區中正東路3段口 / 桃園市大園區中正東路3段口,死亡1;受傷0,普通重型-機車;自用-小客車,121.227684,25.012016
111年03月23日 17時32分00秒,屏東縣新園鄉媽祖路418號,死亡1;受傷0,普通重型-機車,120.445033,22.514379
111年03月23日 23時55分00秒,新北市新莊區新北大道4段 / 新北市新莊區中環路3段,死亡1;受傷0,自用-小客車;普通重型-機車,121.450000,25.033333
111年03月24日 05時01分00秒,高雄市路竹區國道1號 341公里200.0公尺處南側向外側,死亡1;受傷0,營業用-大貨車;自用-大貨車,120.287976,22.859834
111年03月24日 12時20分00秒,高雄市三民區中華二路口 / 高雄市三民區中華橫巷口,死亡1;受傷0,普通重型-機車,120.292102,22.638596
111年03月24日 18時41分00秒,臺中市大肚區山陽里沙田路三段 / 臺中市大肚區山陽里沙田路三段,死亡1;受傷0,行人-人;自用-小貨車(含客、貨兩用),120.542370,24.169390
111年03月24日 23時06分36秒,臺南市安南區城西街2段588號西側,死亡1;受傷0,普通重型-機車,120.111223,23.058622
111年03月25日 06時10分00秒,臺中市大里區祥興里大智路563號前0.0公尺,死亡1;受傷0,普通重型-機車;自用-小客車,120.690223,24.123513
111年03月25日 11時58分55秒,新竹縣湖口鄉八德路一段、鐵騎路(路口),死亡1;受傷0,拖車(架)-其他車;普通重型-機車,121.049111,24.877368
111年03月25日 15時47分00秒,新北市土城區新北市土城區擺接堡路往板橋方向056842號燈桿處,死亡1;受傷0,普通重型-機車,121.438912,24.981379
111年03月25日 16時14分00秒,彰化縣和美鎮中寮里新中路106號前0.0公尺前,死亡1;受傷0,營業用-全聯結車;腳踏自行車-慢車,120.537488,24.109192
111年03月25日 16時45分00秒,高雄市彌陀區中正南路彌陀002路燈號前0.0公尺,死亡1;受傷0,普通重型-機車,120.258050,22.770583
111年03月25日 19時18分00秒,臺中市龍井區南寮里南崗路前0.0公尺,死亡1;受傷2,普通重型-機車;普通重型-機車;乘客-人,120.566358,24.179571
111年03月26日 07時59分00秒,高雄市阿蓮區無名路口 / 高雄市阿蓮區無名路口,死亡1;受傷1,普通重型-機車;自用-小客車,120.316400,22.870250
111年03月26日 08時14分00秒,臺北市北投區中央南路2段 / 臺北市北投區北投路1段,死亡1;受傷0,計程車-小客車;普通重型-機車,121.501659,25.121510
111年03月26日 14時24分00秒,臺東縣卑南鄉和平路口 / 臺東縣卑南鄉和平路口,死亡1;受傷0,普通重型-機車,121.089902,22.784865
111年03月26日 22時29分40秒,桃園市龍潭區中豐路高平段498號前0.0公尺附近,死亡1;受傷0,普通重型-機車,121.206133,24.830477
111年03月27日 19時50分00秒,臺中市潭子區東寶里大富路一段14號前0.0公尺,死亡1;受傷0,自用-小客車;普通重型-機車,120.678858,24.204405
111年03月28日 02時14分00秒,新北市板橋區新北市板橋區臺65線道路板一匝道口,死亡1;受傷4,自用-小客車;乘客-人;乘客-人;乘客-人;乘客-人,121.437265,24.978282
111年03月29日 05時10分00秒,雲林縣林內鄉漳雲路與增產路口,死亡1;受傷0,自用-小客車,120.634529,23.777821
111年03月29日 18時27分00秒,桃園市八德區興豐路740號前0.0公尺附近,死亡1;受傷0,普通重型-機車;行人-人;遊覽車-大客車;普通重型-機車;自用-小客車;普通重型-機車;普通重型-機車,121.297802,24.931631
111年03月29日 22時58分00秒,彰化縣線西鄉台61線 169公里600.0公尺處北側向內側,死亡1;受傷0,行人-人;自用-小客車,120.446736,24.142386
111年03月30日 00時38分00秒,臺中市神岡區庄前里三民南路 / 臺中市神岡區庄前里神林路,死亡1;受傷0,自用-小客車,120.656620,24.251015
111年03月30日 02時45分00秒,新北市板橋區新北市板橋區堤外便道1公里650公尺處,死亡1;受傷1,普通重型-機車;行人-人,121.467731,25.006527
111年03月30日 14時51分00秒,彰化縣溪州鄉圳寮村陸軍路前0.0公尺,死亡1;受傷0,營業用-全聯結車;普通重型-機車,120.519458,23.824788
111年03月30日 17時11分09秒,臺南市安南區安和路4段東側 / 臺南市安南區台江大道1段南側,死亡1;受傷0,自用-大貨車;腳踏自行車-慢車,120.218583,23.054513
111年03月31日 08時00分00秒,屏東縣枋寮鄉國宅路、隆山路227巷,死亡1;受傷0,普通重型-機車;自用-小客車;乘客-人,120.601053,22.366917
111年03月31日 10時15分00秒,新北市八里區龍米路口 / 新北市八里區龍形一街口,死亡1;受傷0,營業用-曳引車;普通輕型-機車,121.452096,25.128670
111年03月31日 10時18分00秒,屏東縣屏東市和生路一段631-5號前0.0公尺,死亡1;受傷0,普通重型-機車;自用-小客車,120.492555,22.652069
111年03月31日 11時00分01秒,臺南市安平區健康路三段350號前南側西向東車道,死亡1;受傷1,普通重型-機車;乘客-人,120.184294,22.982289
111年03月31日 13時12分00秒,高雄市美濃區中興路1段 / 高雄市美濃區中正路2段,死亡1;受傷0,普通重型-機車;營業用-曳引車,120.534022,22.885865
111年03月31日 17時15分00秒,臺中市北屯區和平里軍福十二路 / 臺中市北屯區和平里和福路,死亡1;受傷0,普通重型-機車;自用-小客車,120.723538,24.171629
111年04月01日 06時45分00秒,屏東縣東港鎮中正路3段北側 / 屏東縣東港鎮興農路東側,死亡1;受傷0,自用-小貨車(含客、貨兩用);普通重型-機車,120.472759,22.486537
111年04月01日 18時21分17秒,屏東縣恆春鎮恆春鎮南灣路段(台26線32公里南下車道),死亡1;受傷0,普通重型-機車,120.771901,21.952667
111年04月01日 18時41分00秒,嘉義市西區竹圍里建國路 / 嘉義市西區竹圍里遠東街,死亡1;受傷1,自用-小客車;普通重型-機車;乘客-人,120.436107,23.484805
111年04月01日 20時50分30秒,屏東縣東港鎮興農路1之10號,死亡2;受傷3,普通重型-機車;租賃車-小客車;乘客-人;乘客-人;乘客-人,120.470788,22.484601
111年04月02日 11時42分00秒,桃園市蘆竹區仁愛路3段前0.0公尺,死亡1;受傷1,營業用-小貨車(含客、貨兩用);乘客-人,121.310085,25.055441
111年04月02日 18時11分00秒,桃園市桃園區大興西路1段口 / 桃園市桃園區新埔六街口,死亡1;受傷0,自用-小客車;普通重型-機車,121.303024,25.013442
111年04月02日 20時40分00秒,彰化縣芳苑鄉後寮村斗苑路頂後段137號前0.0公尺前,死亡1;受傷0,普通重型-機車;自用-小貨車(含客、貨兩用);自用-小客車,120.383056,23.953481
111年04月02日 23時15分00秒,新北市三重區光復路1段52號前0.0公尺,死亡1;受傷1,行人-人;普通重型-機車,121.470010,25.049169
111年04月03日 01時15分00秒,桃園市平鎮區台66線 20公里100.0公尺處東側,死亡1;受傷1,自用-小客車;乘客-人,121.209409,24.928406
111年04月03日 04時01分00秒,花蓮縣吉安鄉中正路2段299號前0.0公尺,死亡1;受傷0,普通重型-機車,121.582671,23.952284
111年04月03日 18時49分00秒,新北市金山區新北市金山區台二線道路與無名路附近39公里處,死亡1;受傷0,自用-小客車;行人-人,121.481488,25.009349
111年04月03日 20時38分00秒,彰化縣埔鹽鄉永平村番金路122-10號前0.0公尺,死亡1;受傷0,電動自行車-慢車,120.439210,24.021963
111年04月03日 22時33分28秒,臺南市歸仁區臺39、大德路口,死亡1;受傷0,自用-小貨車(含客、貨兩用);普通重型-機車,120.272798,22.973302
111年04月04日 06時29分27秒,桃園市大溪區埔頂路一段357巷772弄112號前10.0公尺附近,死亡1;受傷0,普通重型-機車,121.271942,24.919473
111年04月04日 11時43分00秒,雲林縣虎尾鎮東屯里158公路包公廟旁路口,死亡1;受傷1,自用-小貨車(含客、貨兩用);自用-小客車,120.393062,23.707974
111年04月04日 14時19分00秒,屏東縣長治鄉瑞光路一段400號,死亡1;受傷0,普通重型-機車;自用-小客車;自用-小客車,120.512768,22.666259
111年04月04日 23時07分00秒,新北市新莊區中正路84號前0.0公尺,死亡1;受傷1,普通重型-機車;乘客-人,121.457125,25.036989
111年04月05日 05時22分00秒,雲林縣斗六市成功路與榮譽路口,死亡1;受傷0,自用-小客車;行人-人,120.551301,23.705144
111年04月05日 12時10分00秒,彰化縣秀水鄉莊雅村秀中街 / 彰化縣秀水鄉莊雅村民華巷,死亡1;受傷0,普通重型-機車;自用-小客車,120.505666,24.026874
111年04月05日 16時08分00秒,臺中市太平區東汴里長龍路四段前0.0公尺,死亡1;受傷0,普通重型-機車,120.817777,24.086944
111年04月05日 23時00分41秒,雲林縣口湖鄉梧南村台61線南下車道252公里處附近,死亡1;受傷1,普通重型-機車;自用-小客車;自用-小客車;普通重型-機車;自用-小客車,120.186330,23.544064
111年04月06日 09時40分00秒,宜蘭縣五結鄉溪濱路3段前0.0公尺附近,死亡1;受傷0,行人-人;營業用-曳引車,121.782855,24.712561
111年04月06日 11時31分00秒,澎湖縣湖西鄉縣204線 6公里700.0公尺處東側向內側,死亡1;受傷1,普通重型-機車;普通重型-機車,119.634516,23.560593
111年04月07日 09時09分00秒,彰化縣二林鎮中西里二城路812號前0.0公尺前,死亡1;受傷1,普通重型-機車;普通重型-機車;自用-小客車,120.361859,23.891674
111年04月07日 09時51分54秒,臺南市安南區安清路環保高幹148號路燈燈桿,死亡1;受傷0,自用-小客車,120.088330,23.046675
111年04月07日 18時48分00秒,雲林縣臺西鄉永豐村雲3-2線(農電36電桿),死亡1;受傷0,普通重型-機車,120.193566,23.722971
111年04月07日 22時25分00秒,桃園市龍潭區聖亭路八德段631號前0.0公尺,死亡1;受傷0,普通重型-機車;自用-小客車,121.197781,24.887171
111年04月08日 05時12分00秒,臺南市安南區安和路1段328號,死亡1;受傷1,普通重型-機車;普通重型-機車,120.212430,23.032880
111年04月08日 08時27分00秒,雲林縣斗南鎮新光里光華路106號前,死亡1;受傷0,腳踏自行車-慢車;自用-小貨車(含客、貨兩用),120.482505,23.685843
111年04月08日 08時54分00秒,桃園市中壢區山東里月桃路二段168號前0.0公尺,死亡1;受傷0,自用-小貨車(含客、貨兩用);普通重型-機車,121.170310,25.018556
111年04月08日 09時20分00秒,臺中市大甲區德化里東西八路 / 臺中市大甲區德化里南北四路,死亡1;受傷0,普通重型-機車;自用-小客車,120.618579,24.367622
111年04月08日 09時28分26秒,宜蘭縣三星鄉農義路3段口 / 宜蘭縣三星鄉尚貴路1段口,死亡1;受傷0,普通輕型-機車;自用-小貨車(含客、貨兩用),121.711046,24.692451
111年04月08日 14時23分00秒,新北市板橋區新北市板橋區浮洲橋機車專用道樹林往板橋032677號燈桿,死亡1;受傷2,普通重型-機車;腳踏自行車-慢車;乘客-人,121.467731,25.006527
111年04月09日 05時22分00秒,雲林縣西螺鎮光華里西螺大橋路燈252350號前,死亡1;受傷0,自用-小客車;腳踏自行車-慢車,120.461237,23.813311
111年04月10日 02時23分00秒,高雄市彌陀區中正東路131號前0.0公尺,死亡1;受傷0,普通重型-機車;自用-小客車,120.251406,22.781934
111年04月10日 16時57分00秒,臺中市北屯區東山路2段前0.0公尺,死亡1;受傷0,普通重型-機車;自用-大貨車,120.746151,24.190791
111年04月10日 19時01分00秒,宜蘭縣宜蘭市環市東路2段口 / 宜蘭縣宜蘭市縣民大道2段口,死亡1;受傷0,其他慢車-慢車;自用-小貨車(含客、貨兩用),121.771897,24.740437
111年04月10日 22時50分00秒,高雄市內門區台3省道 / 高雄市內門區高123鄉道,死亡1;受傷2,自用-小客車;自用-小客車;乘客-人,120.456400,22.927370
111年04月11日 05時45分00秒,高雄市路竹區中華路308號前0.0公尺,死亡1;受傷0,普通重型-機車,120.251000,22.853460
111年04月11日 08時31分00秒,嘉義縣新港鄉南崙村145甲線11公里400公尺處北向車道,死亡1;受傷1,普通重型-機車;自用-小貨車(含客、貨兩用);遊覽車-大客車;乘客-人,120.353910,23.586531
111年04月11日 21時45分00秒,高雄市三民區中都街 / 高雄市三民區同盟三路,死亡1;受傷0,腳踏自行車-慢車;自用-小客車,120.284956,22.639266
111年04月12日 11時27分00秒,新北市淡水區民權路 / 新北市淡水區民富街,死亡1;受傷0,普通重型-機車;計程車-小客車,121.459908,25.138057
111年04月12日 13時22分00秒,桃園市龜山區樂善二路口 / 桃園市龜山區樂善街,死亡1;受傷0,自用-大貨車;普通重型-機車,121.382562,25.047032
111年04月12日 23時17分00秒,臺中市潭子區福仁里中山路二段 / 臺中市潭子區福仁里圓通南路,死亡1;受傷0,自用-小客車;行人-人,120.705022,24.207144
111年04月13日 10時33分33秒,桃園市大園區國際路3段口 / 桃園市大園區漁港路,死亡1;受傷0,普通重型-機車;自用-大貨車;租賃車-小客車;營業用-大貨車,121.242241,25.107848
111年04月13日 19時19分00秒,新竹市北區延平路二段1592號,死亡1;受傷1,行人-人;自用-小客車,120.927458,24.824712
111年04月14日 05時00分00秒,新北市新店區新北市新店區中央路192號前,死亡1;受傷0,行人-人;自用-小客車,121.530691,24.974169
111年04月14日 07時28分17秒,臺南市新化區台南市新化區北勢里北勢113號機慢車優先道往北200公尺附近,死亡1;受傷0,普通重型-機車,120.288439,23.053150
111年04月14日 13時13分18秒,雲林縣北港鎮145公路與產業道路,死亡1;受傷1,電動自行車-慢車;自用-小貨車(含客、貨兩用),120.318384,23.593785
111年04月14日 13時43分00秒,臺中市北區健行里中清路一段 / 臺中市北區健行里德化街,死亡1;受傷0,自用-小客車;普通重型-機車,120.674848,24.161665
111年04月14日 14時23分00秒,彰化縣彰化市牛埔里彰南路3段 / 彰化縣彰化市牛埔里彰興路2段,死亡1;受傷0,營業用-曳引車;普通重型-機車,120.604502,24.080678
111年04月14日 14時42分00秒,新北市板橋區縣民大道2段前0.0公尺,死亡1;受傷1,普通重型-機車;乘客-人,121.463636,25.014331
111年04月14日 14時50分00秒,高雄市仁武區澄觀路1308號前0.0公尺前,死亡1;受傷0,大型重型1(550C.C.以上)-機車;自用-小貨車(含客、貨兩用),120.346885,22.682726
111年04月14日 14時59分41秒,宜蘭縣員山鄉枕山路燈桿編號09130號旁,死亡1;受傷0,普通重型-機車,121.713717,24.763043
111年04月14日 15時32分00秒,新竹市香山區明湖路電桿青草高幹57A2D9581DB75前,死亡1;受傷0,普通重型-機車,120.972141,24.771218
111年04月14日 15時57分00秒,屏東縣佳冬鄉武丁路29-4號前0.0公尺附近,死亡1;受傷0,普通重型-機車;自用-小貨車(含客、貨兩用),120.538258,22.450477
111年04月14日 21時25分00秒,苗栗縣後龍鎮台6線1.5公里處,死亡1;受傷0,自用-小客車,120.772234,24.605585
111年04月15日 05時12分00秒,雲林縣元長鄉長南村台19、元長外環道南端,死亡1;受傷1,自用-小貨車(含客、貨兩用);自用-小貨車(含客、貨兩用),120.312578,23.643860
111年04月15日 08時38分00秒,高雄市楠梓區高楠公路機慢車道號前0.0公尺,死亡1;受傷1,普通重型-機車;普通重型-機車,120.325696,22.714882
111年04月15日 21時43分00秒,桃園市蘆竹區富宏街112巷前0.0公尺附近,死亡1;受傷1,普通重型-機車;乘客-人,121.265240,25.032086
111年04月15日 21時48分00秒,彰化縣溪湖鎮西溪里員鹿路2段20號前0.0公尺前,死亡1;受傷0,營業用-大貨車;普通重型-機車;自用-小客車,120.483555,23.966907
111年04月16日 04時49分03秒,屏東縣九如鄉黃金路57號前,死亡1;受傷0,普通重型-機車;自用-小客車,120.522850,22.731857
111年04月16日 06時30分00秒,嘉義縣中埔鄉中崙村台3線301.6公里處,死亡1;受傷0,普通重型-機車,120.567489,23.375775
111年04月16日 07時45分00秒,彰化縣永靖鄉永興村東彰路8段 / 彰化縣永靖鄉永興村新興巷,死亡1;受傷1,普通重型-機車;普通重型-機車,120.575270,23.924140
111年04月16日 17時01分00秒,苗栗縣頭份市蘆竹里工業路99號,死亡1;受傷0,自用-小客車,120.882126,24.675089
111年04月16日 19時10分00秒,屏東縣麟洛鄉中山路158號前0.0公尺,死亡1;受傷0,普通重型-機車;自用-小客車,120.527264,22.650652
111年04月16日 21時34分00秒,臺中市南區福興里南平路 / 臺中市南區福興里美村路二段,死亡1;受傷0,行人-人;自用-小客車,120.665804,24.123490
111年04月17日 08時29分00秒,新北市新莊區新北市新莊區重新堤外道路與重新堤外道路10K+100往三重,死亡1;受傷2,普通重型-機車;普通重型-機車;自用-小客車;自用-小客車;乘客-人,121.453971,25.033547
111年04月17日 15時40分00秒,新北市三重區新北市三重區疏洪十二路(往疏洪5方向),死亡1;受傷0,普通重型-機車,121.472134,25.064110
111年04月17日 16時30分00秒,臺中市清水區南社里中華路 / 臺中市清水區南社里中華路,死亡1;受傷0,自用-小客車;普通重型-機車,120.562178,24.263315
111年04月17日 19時29分00秒,臺南市官田區南廍里台1線302.2K南下與南廍里福安宮牌樓前路口,死亡1;受傷0,自用-小客車;大型重型2(250-550C.C.)-機車,120.307196,23.214016
111年04月17日 19時40分23秒,臺南市永康區和平東路52號南側,死亡1;受傷0,普通重型-機車;民營客運-大客車,120.268963,23.056344
111年04月18日 05時11分12秒,臺南市歸仁區南興里中山路三段551巷85號前0.0公尺附近,死亡1;受傷0,普通重型-機車,120.271093,22.963542
111年04月18日 08時23分00秒,高雄市苓雅區中正一路 / 高雄市苓雅區輔仁路,死亡1;受傷0,營業用-大貨車;腳踏自行車-慢車,120.332313,22.627978
111年04月18日 11時24分00秒,彰化縣伸港鄉全興村全興路44-5號前0.0公尺前,死亡1;受傷0,普通重型-機車,120.489952,24.172792
111年04月18日 21時48分00秒,雲林縣斗六市榴南路95號附近,死亡1;受傷0,自用-小客車;行人-人,120.585407,23.714014
111年04月18日 23時31分00秒,彰化縣花壇鄉花壇村茄苳路133號前0.0公尺前,死亡1;受傷2,自用-小客車;乘客-人;乘客-人,120.536096,24.017965
111年04月19日 04時42分00秒,臺北市士林區承德路5段80號前0.0公尺,死亡1;受傷1,自用-小貨車(含客、貨兩用);普通重型-機車;乘客-人,121.514768,25.094428
111年04月19日 17時44分00秒,嘉義縣水上鄉大堀村168線23.6K,死亡1;受傷1,自用-小客車;普通重型-機車,120.371282,23.443440
111年04月19日 19時00分00秒,南投縣魚池鄉東光村興善巷63-1號前0.0公尺附近,死亡1;受傷1,普通重型-機車;行人-人,120.964862,23.889185
111年04月20日 08時35分00秒,彰化縣溪湖鎮光平里東環路 / 彰化縣溪湖鎮光平里信善街,死亡1;受傷0,自用-大貨車;行人-人,120.480553,23.964843
111年04月21日 00時46分00秒,雲林縣莿桐鄉台一丁線270530號燈桿前,死亡1;受傷0,普通重型-機車,120.508404,23.750826
111年04月21日 04時44分00秒,高雄市仁武區水管路3段276號前0.0公尺前,死亡1;受傷0,普通重型-機車,120.358772,22.703802
111年04月21日 06時16分00秒,基隆市中正區基隆市中正區北寧路250-8號(16174路燈),死亡1;受傷0,普通重型-機車;公營公車-大客車,121.783535,25.145940
111年04月21日 07時50分00秒,臺中市龍井區忠和里中山一路二段 / 臺中市龍井區忠和里中山中路二段,死亡1;受傷0,租賃車-小客車;普通重型-機車,120.536991,24.216835
111年04月21日 11時04分00秒,臺南市柳營區重溪里義士路2段990號前0.0公尺,死亡1;受傷0,普通重型-機車,120.346641,23.289640
111年04月21日 20時12分00秒,新竹縣新豐鄉建興路1段194之10號前0.0公尺附近,死亡1;受傷1,自用-小客車;普通重型-機車;乘客-人,120.993760,24.876965
111年04月22日 09時57分00秒,臺南市佳里區文新里公園路口 / 臺南市佳里區文新里義民街口,死亡1;受傷0,自用-小貨車(含客、貨兩用);普通重型-機車,120.172658,23.161281
111年04月22日 10時52分00秒,雲林縣莿桐鄉埔尾村油車48之20號旁〈電桿饒平57前〉,死亡1;受傷0,自用-小貨車(含客、貨兩用),120.527244,23.748400
111年04月22日 11時53分00秒,臺中市龍井區龍津里觀光路 / 臺中市龍井區龍津里觀光路,死亡1;受傷0,普通重型-機車;自用-小貨車(含客、貨兩用),120.531083,24.195583
111年04月22日 18時40分09秒,臺南市南區喜樹路東側 / 臺南市南區喜樹路,死亡1;受傷1,腳踏自行車-慢車;普通重型-機車,120.179736,22.943143
111年04月23日 01時00分22秒,雲林縣古坑鄉縣158甲線 40公里200.0公尺處西側向外側,死亡1;受傷3,自用-小客車;乘客-人;乘客-人;乘客-人,120.579115,23.646932
111年04月23日 04時36分00秒,新竹縣新豐鄉新興路、忠信街口,死亡1;受傷0,普通重型-機車;自用-小客車,121.005867,24.878337
111年04月23日 05時35分00秒,嘉義市西區國華里林森西路203號前0.0公尺前,死亡1;受傷1,自用-小客車;普通重型-機車;普通重型-機車;普通重型-機車;普通重型-機車,120.446383,23.482842
111年04月23日 05時53分00秒,臺東縣臺東市東49-1鄉道與南王橋交叉路口,死亡1;受傷0,普通重型-機車;自用-小貨車(含客、貨兩用),121.109926,22.780085
111年04月23日 06時17分00秒,新北市板橋區新北市板橋區環河西路與華江七路010779燈桿旁,死亡1;受傷0,大型重型2(250-550C.C.)-機車,121.487540,25.014051
111年04月23日 07時24分37秒,屏東縣枋寮鄉枋寮鄉中華路517號前,死亡1;受傷0,普通重型-機車;自用-小貨車(含客、貨兩用),120.599368,22.392308
111年04月23日 09時48分00秒,新竹縣竹北市中華路頭前溪橋南下機車道(電桿63001處),死亡1;受傷2,普通重型-機車;普通重型-機車;普通重型-機車,120.993368,24.834687
111年04月23日 14時34分00秒,屏東縣里港鄉塔樓村里嶺路203號前,死亡1;受傷1,普通重型-機車;普通重型-機車,120.484814,22.769406
111年04月23日 14時45分00秒,高雄市路竹區中山路 / 高雄市路竹區大仁路,死亡1;受傷0,營業用-大貨車;腳踏自行車-慢車,120.254300,22.873850
111年04月23日 19時16分00秒,桃園市大溪區仁美里介壽路口 / 桃園市大溪區新光東路,死亡1;受傷0,自用-小客車;普通重型-機車,121.291229,24.917861
111年04月23日 19時22分00秒,雲林縣西螺鎮吳厝里156縣道路燈254883號前,死亡1;受傷1,普通重型-機車;腳踏自行車-慢車,120.428803,23.746352
111年04月23日 19時38分00秒,高雄市六龜區台27甲省道0.6KM號前0.0公尺前,死亡1;受傷0,普通重型-機車,120.641360,23.000707
111年04月24日 06時22分00秒,臺中市豐原區北陽里豐原大道四段前0.0公尺,死亡1;受傷1,自用-小客車;普通重型-機車;乘客-人,120.732158,24.246411
111年04月24日 08時22分00秒,彰化縣北斗鎮中寮里斗苑路2段248號前0.0公尺,死亡1;受傷0,普通重型-機車,120.512653,23.876398
111年04月24日 09時15分00秒,屏東縣九如鄉玉水村九如路一段口 / 屏東縣九如鄉玉水村堤防路附近,死亡1;受傷0,普通重型-機車;營業用-大貨車,120.488026,22.707797
111年04月25日 06時55分22秒,屏東縣崁頂鄉垃圾車專用道,死亡1;受傷0,普通重型-機車,120.510069,22.512623
111年04月25日 11時20分00秒,高雄市六龜區台27省道1.2KM號前0.0公尺南側,死亡1;受傷0,腳踏自行車-慢車,120.671554,23.063935
111年04月25日 17時20分00秒,新竹市香山區玄奘路路燈燈桿編號183014號,死亡1;受傷0,普通重型-機車;民營客運-大客車,120.946332,24.770291
111年04月25日 18時58分00秒,臺中市清水區秀水里橋江北街1段前0.0公尺附近,死亡1;受傷0,普通重型-機車;自用-小客車,120.568557,24.281061
111年04月26日 01時14分00秒,臺北市萬華區漢中街 / 臺北市萬華區成都路,死亡1;受傷0,自用-小客車;行人-人,121.507516,25.042377
111年04月26日 06時31分36秒,新竹縣新豐鄉中崙175-1號前(路燈07281附近),死亡1;受傷0,普通重型-機車;營業用-大貨車,121.011536,24.894405
111年04月26日 06時34分10秒,桃園市觀音區台66線平面道路口 / 桃園市觀音區台61線平面道路口,死亡1;受傷0,營業用-大貨車;普通重型-機車,121.054174,25.029176
111年04月26日 07時43分35秒,臺南市下營區仁里里環營南路2段179號往東50公尺處路口,死亡1;受傷2,普通重型-機車;普通重型-機車;乘客-人,120.253319,23.225199
111年04月26日 08時51分00秒,桃園市大園區圳頭里中華路口 / 桃園市大園區圳頭里無名巷口,死亡1;受傷0,自用-小客車;營業用-曳引車,121.209178,25.074136
111年04月26日 10時34分00秒,新北市新店區安和路2段 / 新北市新店區安平路,死亡1;受傷0,自用-小貨車(含客、貨兩用);普通重型-機車,121.518209,24.968582
111年04月26日 11時40分00秒,花蓮縣壽豐鄉池南路3段33號前0.0公尺,死亡1;受傷0,自用-小貨車(含客、貨兩用);普通重型-機車,121.506116,23.913396
111年04月26日 17時05分00秒,彰化縣鹿港鎮詔安里詔安巷250號前180.0公尺北側,死亡1;受傷0,自用-小貨車(含客、貨兩用);普通重型-機車,120.453839,24.085898
111年04月27日 07時04分00秒,雲林縣斗六市科屯一路,死亡1;受傷0,普通重型-機車;自用-大貨車,120.534837,23.740436
111年04月27日 07時05分43秒,嘉義縣東石鄉塭仔村村里道路,死亡1;受傷0,普通重型-機車,120.175578,23.442963
111年04月27日 07時54分00秒,臺南市下營區西連里西寮1之21號,死亡1;受傷0,普通重型-機車;自用-小貨車(含客、貨兩用),120.256594,23.208850
111年04月27日 08時30分00秒,嘉義縣東石鄉三家村12鄰三塊厝12號之3前,死亡1;受傷0,自用-小貨車(含客、貨兩用),120.172961,23.471710
111年04月27日 14時04分28秒,宜蘭縣宜蘭市東港橋上(6270路燈附近),死亡1;受傷0,普通重型-機車,121.760873,24.756887
111年04月27日 14時30分00秒,彰化縣彰化市阿夷里金馬路1段505號前0.0公尺,死亡1;受傷0,自用-小貨車(含客、貨兩用);普通重型-機車;營業用-曳引車,120.553233,24.098045
111年04月27日 16時40分13秒,臺南市仁德區成功里二仁路二段600號前0.0公尺附近,死亡1;受傷1,普通重型-機車;腳踏自行車-慢車,120.220954,22.943314
111年04月27日 16時59分55秒,南投縣南投市千秋路217巷白毫幹155電桿附近,死亡1;受傷0,普通重型-機車,120.706731,23.891314
111年04月27日 18時20分00秒,臺南市鹽水區岸內里松子腳206號(北門路路段),死亡1;受傷1,普通重型-機車;行人-人,120.263870,23.323991
111年04月27日 21時08分00秒,彰化縣彰化市光華里中華路 / 彰化縣彰化市光華里成功路,死亡1;受傷1,普通重型-機車;普通重型-機車,120.541771,24.078355
111年04月28日 05時03分00秒,桃園市觀音區新華路一段1008號前0.0公尺,死亡1;受傷1,自用-小客車;普通重型-機車,121.123360,25.000805
111年04月28日 09時05分00秒,彰化縣鹿港鎮埔崙里自由路 / 彰化縣鹿港鎮埔崙里平等路,死亡1;受傷1,普通重型-機車;普通重型-機車,120.438337,24.063783
111年04月28日 09時13分00秒,高雄市路竹區大公路1之6號前0.0公尺前,死亡1;受傷0,普通重型-機車,120.225400,22.872570
111年04月28日 18時22分00秒,高雄市岡山區公園西路22號前0.0公尺,死亡1;受傷1,行人-人;普通重型-機車,120.289082,22.799041
111年04月28日 19時38分00秒,臺中市大雅區西寶里昌平路三段 / 臺中市大雅區西寶里昌平路三段,死亡1;受傷0,自用-小客車;普通重型-機車,120.676286,24.201206
111年04月28日 21時13分00秒,高雄市鳳山區新富路286號前0.0公尺,死亡1;受傷1,普通重型-機車;普通重型-機車,120.341728,22.612812
111年04月29日 09時40分46秒,苗栗縣頭份市中華路1531號前,死亡1;受傷2,普通重型-機車;普通重型-機車;乘客-人,120.917294,24.697077
111年04月29日 11時45分00秒,臺中市東勢區東坑路石麻巷前0.0公尺,死亡1;受傷0,自用-小貨車(含客、貨兩用);普通重型-機車,120.859825,24.227543
111年04月29日 12時10分00秒,高雄市三民區金鼎路 / 高雄市三民區大裕路,死亡1;受傷0,租賃車-小客車;普通重型-機車,120.328522,22.662730
111年04月30日 09時16分00秒,嘉義縣民雄鄉豐收村好收58之1附3旁,死亡1;受傷0,普通重型-機車,120.447564,23.561668
111年04月30日 16時34分00秒,嘉義縣溪口鄉本厝村厝子22號前,死亡1;受傷0,腳踏自行車-慢車,120.401622,23.563670
111年04月30日 23時39分00秒,彰化縣福興鄉西勢村柳橋路7段前0.0公尺,死亡1;受傷0,營業用-曳引車;普通重型-機車,120.439300,24.042874
111年05月01日 00時24分00秒,新北市土城區金城路3段口 / 新北市土城區峰廷街口,死亡1;受傷2,大型重型1(550C.C.以上)-機車;普通重型-機車;乘客-人;普通重型-機車;普通重型-機車;普通重型-機車;普通重型-機車;普通重型-機車;普通重型-機車,121.468399,24.988197
111年05月01日 01時29分20秒,屏東縣高樹鄉高樹村青雲路1之3號前,死亡1;受傷0,自用-小客車,120.600256,22.827500
111年05月01日 01時48分00秒,彰化縣溪州鄉尾厝村中山路4段 / 彰化縣溪州鄉尾厝村文化路,死亡1;受傷0,行人-人,120.513294,23.869162
111年05月01日 03時35分00秒,高雄市大樹區統嶺路統嶺0137燈桿號前0.0公尺,死亡1;受傷0,普通重型-機車,120.428905,22.776890
111年05月01日 04時54分20秒,苗栗縣後龍鎮苗九縣道-海寶國小(苗栗縣後龍鎮海寶里5鄰52之2號)前,死亡1;受傷0,自用-小客車;腳踏自行車-慢車;自用-小客車;乘客-人,120.820526,24.661384
111年05月01日 08時36分09秒,臺南市麻豆區埤頭里小埤高幹34旁路口,死亡1;受傷0,普通重型-機車;自用-小客車,120.234869,23.199020
111年05月01日 19時03分00秒,高雄市內門區高117鄉道永富11燈桿號前0.0公尺,死亡1;受傷0,普通重型-機車;自用-小客車,120.493900,22.935360
111年05月01日 22時15分00秒,臺中市西屯區港尾里中科路 / 臺中市西屯區港尾里經貿八路,死亡1;受傷1,自用-小客車;乘客-人,120.654173,24.194518
111年05月02日 00時43分00秒,屏東縣潮州鎮華興路口 / 屏東縣潮州鎮民生路口,死亡1;受傷0,自用-小客車,120.540174,22.546683
111年05月02日 03時20分00秒,臺北市萬華區忠孝西路2段 / 臺北市萬華區西寧南路,死亡1;受傷0,行人-人;計程車-小客車;自用-小客車;自用-小客車;自用-小貨車(含客、貨兩用),121.507550,25.048491
111年05月02日 05時46分00秒,高雄市仁武區義大二路仁福0279燈桿號前0.0公尺,死亡1;受傷0,自用-小客車;民營客運-大客車,120.397700,22.728390
111年05月02日 16時26分10秒,新竹縣新埔鎮新關路737號前0.0公尺附近,死亡1;受傷0,其他人-人;普通重型-機車;自用-小貨車(含客、貨兩用),121.092278,24.822695
111年05月02日 16時28分00秒,屏東縣長治鄉長興路427-1號前0.0公尺,死亡1;受傷0,普通重型-機車;自用-小客車,120.512797,22.681449
111年05月03日 07時58分00秒,臺南市西港區中山路口 / 臺南市西港區中山路口,死亡1;受傷0,普通重型-機車;自用-小客車,120.199800,23.132875
111年05月03日 16時17分00秒,臺中市石岡區萬興里豐勢路760號前0.0公尺,死亡1;受傷1,自用-小貨車(含客、貨兩用);自用-小貨車(含客、貨兩用),120.791029,24.273026
111年05月03日 20時25分00秒,花蓮縣壽豐鄉豐坪路3段前0.0公尺,死亡1;受傷0,普通重型-機車,121.519912,23.849141
111年05月04日 07時40分00秒,臺北市北投區大度路1段前0.0公尺,死亡1;受傷0,普通重型-機車,121.494364,25.121659
111年05月04日 10時18分00秒,臺中市清水區武鹿里台61線前0.0公尺,死亡1;受傷7,營業用-曳引車;營業用-曳引車;自用-小客車;自用-小貨車(含客、貨兩用);營業用-大貨車;自用-大貨車;乘客-人;乘客-人;乘客-人,120.547525,24.276263
111年05月04日 11時25分00秒,雲林縣土庫鎮崙內里崙內86號旁路口,死亡1;受傷0,普通重型-機車;自用-小客車,120.349364,23.691261
111年05月04日 12時02分00秒,高雄市鳳山區中山東路 / 高雄市鳳山區維武路,死亡1;受傷1,營業用-曳引車;普通重型-機車;乘客-人,120.365131,22.620608
111年05月04日 17時03分00秒,臺中市西屯區大鵬里大鵬路 / 臺中市西屯區大鵬里大鵬路,死亡1;受傷0,普通重型-機車;行人-人,120.666003,24.178161
111年05月04日 18時52分36秒,屏東縣潮州鎮屏189線27.5K北向,死亡1;受傷2,普通重型-機車;行人-人;行人-人;自用-小客車,120.540818,22.534366
111年05月04日 20時40分00秒,嘉義市西區竹村里高鐵大道 / 嘉義市西區竹村里埤竹路,死亡1;受傷0,自用-小客車;普通重型-機車,120.396000,23.489460
111年05月05日 00時08分00秒,臺中市西屯區何源里文心路三段536號前0.0公尺,死亡1;受傷0,自用-小客車;行人-人,120.666139,24.172723
111年05月05日 05時36分57秒,桃園市平鎮區中豐路口 / 桃園市平鎮區新富街口,死亡1;受傷0,普通重型-機車;自用-小貨車(含客、貨兩用),121.216269,24.938353
111年05月05日 07時14分00秒,新北市板橋區中山路1段29號前0.0公尺,死亡1;受傷1,普通重型-機車;普通重型-機車;自用-小客車,121.460503,25.008814
111年05月05日 12時35分00秒,嘉義市西區北湖里世賢路1段718號前0.0公尺,死亡1;受傷0,普通輕型-機車,120.428115,23.490944
111年05月05日 14時57分00秒,雲林縣虎尾鎮三合里吳厝51號前,死亡2;受傷1,自用-小客車;乘客-人;乘客-人,120.398939,23.691387
111年05月05日 17時40分00秒,高雄市路竹區新生路162號前0.0公尺前,死亡1;受傷2,普通輕型-機車;普通重型-機車;乘客-人,120.291667,22.872963
111年05月05日 18時24分00秒,新北市樹林區三多路123號前0.0公尺,死亡1;受傷1,普通重型-機車;普通重型-機車,121.414954,25.006209
111年05月05日 18時50分00秒,彰化縣溪湖鎮中山里大溪路1段523號前0.0公尺,死亡1;受傷1,普通重型-機車;行人-人,120.494565,23.968223
111年05月06日 08時19分00秒,桃園市蘆竹區南青路燈桿1307399號附近,死亡1;受傷0,自用-小客車;普通重型-機車,121.272291,25.057342
111年05月06日 14時42分00秒,苗栗縣西湖鄉國道3號 138公里南側向路肩,死亡2;受傷3,營業用-大貨車;自用-小貨車(含客、貨兩用);自用-小貨車(含客、貨兩用);乘客-人;其他人-人;其他人-人,120.746516,24.549415
111年05月06日 14時58分57秒,桃園市大溪區台七乙線9.2公里,死亡1;受傷0,普通重型-機車,121.349322,24.849807
111年05月06日 16時49分00秒,新北市板橋區新北市板橋區環河西路5段與環河西路5段湳仔溝越堤道,死亡1;受傷0,自用-小客車;普通重型-機車;自用-小客車,121.485541,25.022253
111年05月06日 21時52分00秒,基隆市安樂區基金一路108-1號前0.0公尺,死亡1;受傷4,行人-人;普通重型-機車;普通重型-機車;乘客-人;乘客-人,121.715874,25.140070
111年05月07日 03時07分00秒,新北市林口區國道1號 37公里800.0公尺處南側向中線,死亡1;受傷1,自用-小客車;乘客-人,121.380817,25.065273
111年05月07日 06時29分23秒,新竹縣橫山鄉沙坑村中豐路三段35號對面,死亡1;受傷0,大型重型1(550C.C.以上)-機車,121.162696,24.737682
111年05月07日 19時20分19秒,花蓮縣瑞穗鄉民權東路民權高支17電桿前,死亡1;受傷1,自用-小客車;行人-人;行人-人,121.383596,23.493661
111年05月07日 20時23分00秒,澎湖縣西嶼鄉外垵村117-1號前道路,死亡1;受傷1,普通重型-機車;行人-人;乘客-人,119.481236,23.564643
111年05月08日 01時24分37秒,花蓮縣鳳林鎮自強路段平林陸橋南端往南100公尺北上車道,死亡1;受傷0,普通重型-機車,121.459549,23.788674
111年05月08日 05時45分00秒,臺南市西港區台19線 127公里100.0公尺處北側,死亡2;受傷0,普通重型-機車;乘客-人,120.201035,23.130505
111年05月08日 08時13分00秒,屏東縣竹田鄉大成路、大明路,死亡1;受傷2,自用-小客車;普通重型-機車;普通重型-機車,120.517641,22.573636
111年05月08日 12時55分00秒,高雄市六龜區新發里台27省道3.9公里號前0.0公尺,死亡1;受傷1,自用-小貨車(含客、貨兩用);普通重型-機車,120.667617,23.042983
111年05月08日 14時25分00秒,臺東縣池上鄉東1 3公里500.0公尺處,死亡1;受傷0,普通重型-機車,121.210020,23.133352
111年05月08日 19時42分02秒,嘉義縣大林鎮國道3號 279公里700.0公尺處南側向中外,死亡1;受傷0,行人-人;自用-小客車,120.521306,23.592971
111年05月09日 08時37分00秒,彰化縣員林市台76線 23公里500.0公尺處西側向內側,死亡1;受傷1,自用-小客車;自用-大貨車;自用-小客車;乘客-人,120.586988,23.943628
111年05月09日 08時56分00秒,高雄市前鎮區大華一路加工出口區號前0.0公尺前,死亡1;受傷0,自用-小客車;普通重型-機車;自用-小客車,120.292566,22.601626
111年05月09日 17時04分00秒,高雄市大寮區大漢路270號前0.0公尺,死亡1;受傷0,普通重型-機車,120.385325,22.635399
111年05月09日 18時58分00秒,臺南市仁德區大同路三段692號,死亡1;受傷1,普通重型-機車;電動自行車-慢車,120.218635,22.949166
111年05月10日 05時54分56秒,新竹市香山區中華路六段口 / 新竹市香山區內湖路口,死亡1;受傷0,普通重型-機車,120.906341,24.746045
111年05月10日 07時33分00秒,嘉義市西區北新里海口寮路 / 嘉義市西區北新里海口寮路,死亡1;受傷0,普通重型-機車,120.431519,23.499206
111年05月10日 11時56分00秒,新北市汐止區大同路3段口 / 新北市汐止區大同路3段口,死亡1;受傷0,營業用-曳引車;電動自行車-慢車,121.670412,25.077492
111年05月10日 15時50分00秒,新北市鶯歌區德昌二街 / 新北市鶯歌區德昌二街,死亡1;受傷0,營業用-小貨車(含客、貨兩用);行人-人,121.332913,24.958767
111年05月10日 18時50分58秒,花蓮縣瑞穗鄉縣193線 89公里900.0公尺處南側,死亡1;受傷2,自用-小貨車(含客、貨兩用);乘客-人;乘客-人,121.402800,23.487566
111年05月10日 22時26分59秒,宜蘭縣羅東鎮中山路1段530號前0.0公尺附近,死亡1;受傷0,自用-小客車;行人-人,121.788525,24.672699
111年05月10日 23時53分00秒,雲林縣虎尾鎮林森路二段與文化路口,死亡1;受傷0,自用-小貨車(含客、貨兩用);普通重型-機車,120.429123,23.705163
111年05月11日 01時32分43秒,桃園市蘆竹區國道1號 44公里800.0公尺處北側向輔助,死亡1;受傷0,自用-小客車;自用-大貨車,121.325701,25.052546
111年05月11日 05時50分00秒,新北市三重區疏洪五路2段 / 新北市三重區15號越堤道路,死亡1;受傷0,普通重型-機車,121.478003,25.054488
111年05月11日 07時43分16秒,桃園市蘆竹區富國路一段336號前0.0公尺附近,死亡1;受傷0,營業用-大貨車;普通重型-機車,121.272559,25.031681
111年05月11日 12時45分00秒,高雄市美濃區吉山口 / 高雄市美濃區吉山口,死亡1;受傷1,自用-小貨車(含客、貨兩用);自用-小貨車(含客、貨兩用);乘客-人,120.551500,22.854620
111年05月11日 14時10分00秒,桃園市楊梅區瑞溪路2段100號前0.0公尺附近,死亡1;受傷0,腳踏自行車-慢車,121.178853,24.907988
111年05月11日 14時55分50秒,新竹縣湖口鄉中華路口 / 新竹縣湖口鄉自強路口,死亡1;受傷0,普通重型-機車;營業用-大貨車,121.004033,24.863929
111年05月11日 16時32分00秒,新北市三峽區新北市三峽區隆恩街燈桿(編號 189120)附近,死亡1;受傷0,普通重型-機車,121.367136,24.944984
111年05月12日 01時25分00秒,臺中市大里區仁德里成功二路126號前0.0公尺,死亡1;受傷0,普通重型-機車;自用-小貨車(含客、貨兩用),120.704326,24.094884
111年05月12日 21時45分00秒,嘉義縣六腳鄉六斗村縣道145線與村里道路口,死亡1;受傷0,營業用-曳引車;普通重型-機車,120.290510,23.542053
111年05月12日 22時45分08秒,臺南市南區夏林路口 / 臺南市南區樹林街,死亡1;受傷0,自用-小客車,120.194901,22.986295
111年05月12日 23時20分00秒,雲林縣斗南鎮明昌里二重溝仁曉橋,死亡1;受傷0,普通輕型-機車,120.468020,23.671253
111年05月13日 06時41分15秒,南投縣草屯鎮山腳里富林路一段629號對向車道,死亡1;受傷0,自用-小貨車(含客、貨兩用);普通重型-機車,120.688962,23.969854
111年05月13日 14時51分00秒,彰化縣彰化市西興里彰草路120號前0.0公尺,死亡1;受傷0,普通重型-機車,120.529136,24.076920
111年05月13日 19時54分00秒,新北市淡水區新北市淡水區中正東路1段105巷與中正東路1段(往淡水方向),死亡1;受傷0,其他特種車-特種車;普通重型-機車,121.453435,25.161918
111年05月13日 20時04分56秒,嘉義縣竹崎鄉國道3號 292公里北側向中線,死亡1;受傷6,自用-小客車;自用-小貨車(含客、貨兩用);自用-小客車;自用-小客車;自用-小客車;自用-小客車;其他人-人;自用-小客車;自用-小貨車(含客、貨兩用);自用-小客車;自用-小客車;乘客-人;乘客-人,120.494233,23.494107
111年05月13日 20時06分00秒,臺中市北區五常里崇德路一段 / 臺中市北區五常里五義街,死亡1;受傷1,自用-小貨車(含客、貨兩用);大型重型1(550C.C.以上)-機車,120.685725,24.155948
111年05月14日 05時27分00秒,彰化縣二林鎮頂厝里二溪路前0.0公尺,死亡1;受傷1,自用-小客車;乘客-人,120.382912,23.931615
111年05月14日 08時02分00秒,雲林縣古坑鄉華山村雲208(松林路)松腳43電桿旁,死亡1;受傷0,普通重型-機車,120.593229,23.588283
111年05月14日 20時39分00秒,桃園市八德區中華路口 / 桃園市八德區龍祥街口,死亡1;受傷0,計程車-小客車;普通重型-機車,121.272077,24.978807
111年05月14日 20時45分57秒,苗栗縣竹南鎮台一己線(東往西方向)獅山120號附近,死亡1;受傷1,普通重型-機車;自用-小貨車(含客、貨兩用);乘客-人,120.874691,24.672469
111年05月15日 06時35分00秒,屏東縣內埔鄉富豐路93號前0.0公尺,死亡1;受傷0,普通重型-機車,120.545185,22.606966
111年05月16日 01時35分00秒,臺中市南區積善里五權南路 / 臺中市南區積善里五權南一路,死亡1;受傷0,行人-人;自用-小客車,120.670040,24.112788
111年05月16日 05時00分23秒,屏東縣內埔鄉忠孝路319號,死亡1;受傷0,普通重型-機車;營業用-曳引車,120.639753,22.705319
111年05月16日 05時47分00秒,彰化縣埔心鄉芎蕉村員鹿路5段290號前0.0公尺,死亡1;受傷0,營業用-大貨車;自用-小客車,120.515095,23.951277
111年05月16日 07時31分00秒,臺東縣臺東市中華路2段384號前0.0公尺,死亡1;受傷0,普通重型-機車;自用-小貨車(含客、貨兩用),121.134291,22.742457
111年05月16日 10時22分53秒,花蓮縣鳳林鎮兆豐路口 / 花蓮縣鳳林鎮平吉路口,死亡1;受傷0,自用-小貨車(含客、貨兩用);普通重型-機車,121.467375,23.774625
111年05月16日 12時04分00秒,新北市新店區中正路362之1號前0.0公尺,死亡1;受傷0,普通重型-機車;普通重型-機車;自用-小貨車(含客、貨兩用),121.535110,24.976331
111年05月16日 14時58分43秒,宜蘭縣頭城鎮頭濱路2段320號前0.0公尺北側,死亡1;受傷0,普通重型-機車,121.822856,24.833757
111年05月17日 05時28分00秒,彰化縣大城鄉公館村東平路前0.0公尺,死亡1;受傷1,自用-小貨車(含客、貨兩用);自用-曳引車;乘客-人,120.363484,23.893557
111年05月17日 07時05分00秒,臺中市西屯區林厝里中科路 / 臺中市西屯區林厝里福雅路,死亡1;受傷0,自用-小貨車(含客、貨兩用);普通重型-機車,120.630876,24.205448
111年05月17日 08時59分00秒,新竹縣寶山鄉三峰路2段口 / 新竹縣寶山鄉嵩翠路口,死亡1;受傷0,營業用-曳引車;普通重型-機車,121.000725,24.745268
111年05月17日 11時37分00秒,彰化縣埔心鄉油車村員埔路 / 彰化縣埔心鄉油車村二抱路2段,死亡1;受傷0,營業用-大貨車;行人-人,120.540988,23.970227
111年05月17日 12時54分00秒,彰化縣和美鎮和東里彰美路5段 / 彰化縣和美鎮和東里仁美路,死亡1;受傷0,腳踏自行車-慢車;自用-小貨車(含客、貨兩用),120.501736,24.108403
111年05月17日 14時22分35秒,苗栗縣獅潭鄉豐林村中豐公路28-2號附近,死亡1;受傷0,大型重型1(550C.C.以上)-機車;自用-小貨車(含客、貨兩用);自用-小貨車(含客、貨兩用),120.898961,24.488753
111年05月17日 21時03分00秒,彰化縣埔鹽鄉埔鹽村彰水路2段149弄前0.0公尺,死亡1;受傷0,自用-小貨車(含客、貨兩用);普通重型-機車,120.475432,23.999287
111年05月18日 07時52分00秒,屏東縣萬丹鄉西環路口 / 屏東縣萬丹鄉福德街口,死亡1;受傷0,普通重型-機車;自用-小客車,120.484994,22.582927
111年05月18日 08時50分00秒,屏東縣鹽埔鄉高朗村三民路83-6號,死亡1;受傷0,自用-小貨車(含客、貨兩用);普通重型-機車;乘客-人,120.581549,22.743395
111年05月18日 15時12分00秒,新北市三峽區新北市三峽區添福路3K處(燈桿196696號),死亡1;受傷0,自用-小客車;普通重型-機車,121.480928,25.009229
111年05月19日 07時41分00秒,新北市三重區中正北路39號前0.0公尺,死亡1;受傷0,普通重型-機車;民營客運-大客車;普通重型-機車;自用-小客車,121.491111,25.062717
111年05月19日 07時42分00秒,嘉義縣民雄鄉福權村福權3-5號前,死亡1;受傷1,普通重型-機車;腳踏自行車-慢車,120.414339,23.561113
111年05月19日 12時04分00秒,臺中市大里區仁化里仁化路305號前0.0公尺,死亡1;受傷1,普通重型-機車;營業用-大貨車;營業用-曳引車;乘客-人,120.710621,24.094265
111年05月19日 16時45分00秒,雲林縣東勢鄉新坤村153線1公里處北上車道,死亡1;受傷0,普通重型-機車;自用-小客車,120.259927,23.722147
111年05月19日 17時03分00秒,彰化縣員林市三和里大同路1段482號前0.0公尺,死亡1;受傷1,普通重型-機車;大型重型1(550C.C.以上)-機車;腳踏自行車-慢車;自用-小客車,120.579106,23.966258
111年05月20日 04時36分13秒,花蓮縣吉安鄉和平路1段口 / 花蓮縣吉安鄉自強路口,死亡1;受傷1,營業用-曳引車;自用-小客車;自用-小客車;自用-小客車;普通重型-機車;普通重型-機車;乘客-人,121.589217,23.983008
111年05月20日 09時02分00秒,嘉義縣六腳鄉蘇厝村蘇厝寮247號前,死亡1;受傷0,普通重型-機車;營業用-大貨車,120.298277,23.553383
111年05月20日 10時29分00秒,臺南市佳里區南勢里176線公路10.5公里處東向路肩,死亡1;受傷0,普通重型-機車;自用-小貨車(含客、貨兩用),120.165817,23.157957
111年05月20日 20時55分00秒,新北市板橋區縣民大道1段 / 新北市板橋區縣民大道1段,死亡1;受傷0,行人-人;自用-小客車,121.456950,25.005713
111年05月21日 19時10分18秒,臺南市下營區營前里中山路2段351號,死亡1;受傷1,普通重型-機車;腳踏自行車-慢車;自用-小貨車(含客、貨兩用),120.265561,23.224632
111年05月21日 20時24分00秒,臺中市梧棲區永安里港埠路一段 / 臺中市梧棲區永安里永興路二段,死亡1;受傷0,自用-小貨車(含客、貨兩用);普通重型-機車,120.526557,24.226823
111年05月22日 02時13分00秒,高雄市鼓山區鼓山三路 / 高雄市鼓山區雄峰路,死亡1;受傷0,普通重型-機車,120.283400,22.669110
111年05月22日 02時42分00秒,臺中市潭子區東寶里大富路一段前0.0公尺,死亡1;受傷0,普通重型-機車,120.684778,24.216188
111年05月22日 08時18分00秒,桃園市中壢區中央西路二段口 / 桃園市中壢區三光路口,死亡1;受傷1,自用-小貨車(含客、貨兩用);普通重型-機車;乘客-人,121.211171,24.961538
111年05月22日 10時54分00秒,臺北市中正區北平東路 / 臺北市中正區天津街,死亡1;受傷1,普通重型-機車;民營客運-大客車;自用-小客車;自用-小客車;乘客-人,121.522116,25.046803
111年05月22日 14時13分00秒,屏東縣竹田鄉美崙村龍崗路52號,死亡1;受傷0,普通重型-機車,120.549547,22.605414
111年05月22日 21時52分07秒,宜蘭縣頭城鎮港口路15-30號前0.0公尺東側,死亡1;受傷0,自用-小客車,121.839663,24.868924
111年05月23日 01時23分00秒,彰化縣彰化市南瑶里中山路1段 / 彰化縣彰化市南瑶里四維路,死亡1;受傷0,普通重型-機車,120.537777,24.065989
111年05月23日 06時05分00秒,臺南市麻豆區寮廍里176線23.7K處,死亡1;受傷0,普通重型-機車,120.279475,23.190304
111年05月23日 07時06分00秒,臺中市烏日區仁德里中山路一段365號前0.0公尺,死亡1;受傷0,普通重型-機車;自用-小客車,120.639341,24.108025
111年05月23日 07時15分00秒,臺中市東區泉源里樂業路68號前0.0公尺,死亡1;受傷2,普通重型-機車;行人-人;乘客-人,120.694435,24.138569
111年05月23日 08時42分00秒,新北市新莊區環漢路3段662號前0.0公尺,死亡1;受傷1,自用-小貨車(含客、貨兩用);大型重型2(250-550C.C.)-機車,121.481379,25.009382
111年05月23日 12時35分00秒,基隆市中山區中山二路5號前0.0公尺,死亡1;受傷0,普通重型-機車,121.741037,25.136815
111年05月24日 06時14分00秒,桃園市中壢區慈惠三街口 / 桃園市中壢區九和六街口,死亡1;受傷1,普通重型-機車;自用-小客車,121.225825,24.964942
111年05月24日 18時54分00秒,屏東縣新園鄉新生路90號旁,死亡1;受傷1,普通重型-機車;普通重型-機車,120.445751,22.476627
111年05月24日 21時00分41秒,宜蘭縣員山鄉成功二路口 / 宜蘭縣員山鄉深福路口,死亡1;受傷0,自用-小貨車(含客、貨兩用);普通重型-機車,121.696623,24.709807
111年05月24日 22時25分57秒,臺南市東山區縣165線 19公里附近,死亡1;受傷0,自用-小客車,120.399722,23.309123
111年05月24日 23時06分00秒,高雄市鳥松區公園路鳥松0558路燈號前0.0公尺前,死亡1;受傷0,普通重型-機車;民營客運-大客車,120.358536,22.647392
111年05月24日 23時49分00秒,新北市五股區新北市五股區臺64線道路9.5K處,死亡1;受傷1,自用-小客車;租賃車-小客車;乘客-人,121.398394,25.141247
111年05月25日 11時54分00秒,新北市樹林區新北市樹林區樹林陸橋路223670燈桿,死亡1;受傷2,租賃車-小客車;自用-小客車;自用-小客車;乘客-人,121.427704,24.999288
111年05月26日 06時02分00秒,高雄市苓雅區中正二路 / 高雄市苓雅區尚義街,死亡1;受傷0,自用-小貨車(含客、貨兩用);普通重型-機車,120.315237,22.630391
111年05月26日 08時45分37秒,雲林縣莿桐鄉埔尾村油車產業道路(施瓜寮12號電桿)前,死亡1;受傷0,自用-大貨車;普通重型-機車,120.526960,23.736906
111年05月26日 10時27分00秒,新竹縣竹北市鳳岡路3段口 / 新竹縣竹北市長青路2段,死亡1;受傷2,普通重型-機車;自用-小客車;乘客-人,120.957360,24.859224
111年05月26日 12時08分00秒,雲林縣褒忠鄉台19線與158公路路口,死亡1;受傷0,自用-小客車;普通重型-機車,120.324192,23.697986
111年05月26日 15時50分00秒,高雄市小港區中林路機車專用道號前0.0公尺,死亡1;受傷0,普通重型-機車,120.301520,22.627160
111年05月26日 16時45分15秒,苗栗縣頭份市中華路頂埔幹59號,死亡1;受傷2,自用-小客車;乘客-人;乘客-人,120.923844,24.704107
111年05月26日 17時14分00秒,屏東縣高樹鄉大關巷(舊南勢25-2L8),死亡1;受傷0,普通重型-機車;自用-小貨車(含客、貨兩用),120.596427,22.773361
111年05月26日 17時19分40秒,臺南市下營區大吉里大屯寮39之8號前(174線15.13K處),死亡1;受傷0,自用-小客車;普通重型-機車,120.237325,23.233653
111年05月26日 21時31分00秒,新北市汐止區新北市汐止區禮門街534454號燈桿,死亡1;受傷0,自用-小客車;行人-人,121.656826,25.067543
111年05月27日 08時11分00秒,雲林縣西螺鎮下湳里雲35鄉道(張厝31電桿),死亡1;受傷0,普通重型-機車,120.431529,23.770489
111年05月27日 10時57分00秒,雲林縣斗六市重光里成功路與重光路口,死亡1;受傷0,普通重型-機車;自用-小客車,120.560708,23.694412
111年05月27日 15時26分44秒,花蓮縣吉安鄉建國路2段858號前0.0公尺附近,死亡1;受傷0,電動自行車-慢車;自用-大貨車;普通重型-機車;普通重型-機車,121.565745,23.995878
111年05月27日 17時01分00秒,高雄市梓官區梓官路9號前0.0公尺,死亡1;受傷0,普通重型-機車;自用-小客車,120.267588,22.755300
111年05月27日 17時03分00秒,彰化縣鹿港鎮東石里鹿工路前0.0公尺,死亡1;受傷0,自用-大貨車;普通重型-機車,120.416704,24.076838
111年05月27日 19時18分00秒,桃園市龜山區中興路163號前0.0公尺,死亡1;受傷1,行人-人;普通重型-機車,121.332156,24.989229
111年05月28日 03時40分00秒,雲林縣麥寮鄉瓦磘村霄仁雲8線鄉道(011835)路燈附近,死亡1;受傷0,普通重型-機車,120.269959,23.749519
111年05月28日 06時21分02秒,臺東縣臺東市臨海路2段口 / 臺東縣臺東市豐谷南路口,死亡1;受傷0,普通重型-機車;自用-小客車,121.138870,22.737890
111年05月28日 08時46分00秒,臺南市新營區埤寮里中正路430巷與無名道路口,死亡1;受傷0,普通重型-機車;自用-小客車,120.320312,23.325333
111年05月28日 09時10分00秒,彰化縣溪湖鎮河東里環河路2段前0.0公尺,死亡1;受傷1,自用-大貨車;普通重型-機車;乘客-人,120.459627,23.937530
111年05月28日 12時57分20秒,屏東縣萬丹鄉四維村公園路電桿:社皮幹5L5,死亡1;受傷0,普通重型-機車,120.485440,22.594178
111年05月28日 17時18分00秒,臺中市神岡區社南里昌平路五段288號前0.0公尺,死亡1;受傷1,自用-小客車;腳踏自行車-慢車;乘客-人,120.681268,24.241648
111年05月28日 20時16分00秒,臺南市北區西門路四段北側 / 臺南市北區文成一路,死亡1;受傷0,自用-小客車;普通重型-機車,120.209342,23.013455
111年05月28日 22時10分00秒,新北市汐止區新北市汐止區伯爵街與伯爵街伯爵夫人社區管理委員會,死亡1;受傷1,普通重型-機車;自用-小客車;乘客-人,121.638023,25.080134
111年05月28日 22時30分22秒,宜蘭縣大同鄉台7線 88.2公里,死亡1;受傷0,大型重型2(250-550C.C.)-機車,121.528734,24.612874
111年05月29日 08時46分00秒,嘉義縣六腳鄉灣南村嘉59線1.7公里處,死亡1;受傷0,普通重型-機車,120.307058,23.493463
111年05月30日 11時54分08秒,臺南市東山區聖賢里田尾15-1號,死亡1;受傷0,普通重型-機車,120.362123,23.306869
111年05月30日 16時22分03秒,宜蘭縣三星鄉三星路三段(606巷口附近121號路燈前),死亡1;受傷0,普通重型-機車;普通重型-機車;自用-小客車,121.672429,24.667794
111年05月31日 02時06分00秒,新北市三峽區隆恩街190號前0.0公尺,死亡1;受傷0,自用-小貨車(含客、貨兩用);行人-人,121.361345,24.942583
111年05月31日 09時42分00秒,臺中市豐原區社皮里002鄰豐原大道一段252號前0.0公尺,死亡1;受傷0,大型重型1(550C.C.以上)-機車,120.703171,24.245804
111年05月31日 10時25分00秒,臺北市大同區通河西街1段前0.0公尺,死亡1;受傷0,腳踏自行車-慢車;普通重型-機車,121.517851,25.077687
111年05月31日 16時47分00秒,高雄市前鎮區一德路 / 高雄市前鎮區修文一街,死亡1;受傷0,自用-小客車;行人-人,120.307700,22.610460
111年05月31日 17時39分14秒,嘉義縣大林鎮溝背里嘉98線5公里處,死亡1;受傷1,自用-小客車;普通重型-機車,120.475563,23.618720
111年05月31日 17時52分50秒,花蓮縣花蓮市榮正街127號前0.0公尺,死亡1;受傷0,行人-人;自用-大貨車;乘客-人,121.597242,23.973833
111年05月31日 19時07分00秒,彰化縣伸港鄉台61線 166公里800.0公尺處南側向外側,死亡1;受傷0,自用-小貨車(含客、貨兩用);營業用-曳引車,120.466849,24.164415
111年06月01日 00時53分00秒,桃園市復興區中正路256號前0.0公尺附近,死亡1;受傷0,普通重型-機車,121.353354,24.822440
111年06月01日 01時32分00秒,臺北市萬華區萬大路427號前0.0公尺,死亡1;受傷0,普通重型-機車,121.498608,25.021326
111年06月01日 08時03分00秒,臺中市西屯區協和里五權西路三段 / 臺中市西屯區協和里工業區二十三路,死亡1;受傷0,營業用-小貨車(含客、貨兩用);普通重型-機車,120.604900,24.160941
111年06月01日 08時26分00秒,新北市汐止區大同路3段 / 新北市汐止區大安街附近,死亡2;受傷0,普通重型-機車;營業用-曳引車;乘客-人,121.667136,25.076415
111年06月01日 12時26分00秒,彰化縣芳苑鄉漢寶村芳漢路漢１段 / 彰化縣芳苑鄉漢寶村芳漢路漢１段,死亡1;受傷1,自用-小貨車(含客、貨兩用);普通重型-機車;乘客-人,120.365464,23.998686
111年06月01日 16時37分00秒,屏東縣萬丹鄉萬竹路口 / 屏東縣萬丹鄉萬竹路,死亡1;受傷0,普通重型-機車;自用-小貨車(含客、貨兩用),120.512877,22.587946
111年06月02日 11時52分00秒,臺東縣臺東市中華大橋北上車道(臺東市公所編號010326號路燈附近),死亡1;受傷1,普通重型-機車;電動自行車-慢車,121.168988,22.771130
111年06月02日 14時39分00秒,桃園市中壢區中正路二段口 / 桃園市中壢區大享街口,死亡1;受傷0,自用-大貨車;普通重型-機車,121.197656,24.974440
111年06月02日 14時55分00秒,新北市三重區重新路3段122號前0.0公尺,死亡1;受傷1,普通重型-機車;普通重型-機車,121.492187,25.060127
111年06月02日 20時57分00秒,桃園市觀音區中山路一段738號前0.0公尺,死亡1;受傷0,自用-小客車;普通重型-機車,121.100168,25.031867
111年06月03日 01時45分00秒,屏東縣枋山鄉台1線、成功路,死亡1;受傷2,大型重型2(250-550C.C.)-機車;自用-小客車;乘客-人,120.658975,22.248136
111年06月03日 03時10分00秒,臺中市沙鹿區三鹿里向上路七段前0.0公尺,死亡1;受傷0,普通重型-機車,120.553678,24.214193
111年06月03日 09時02分00秒,新竹市香山區中華路五段670號,死亡1;受傷0,普通重型-機車,120.915477,24.767164
111年06月03日 10時52分00秒,新北市淡水區行忠路32-對面號前0.0公尺,死亡1;受傷0,普通重型-機車,121.443371,25.171981
111年06月03日 13時19分00秒,高雄市鳳山區村紅毛港路 / 高雄市鳳山區家和一街,死亡1;受傷1,普通重型-機車;營業用-大貨車;乘客-人,120.343100,22.585220
111年06月04日 03時38分22秒,新竹縣竹東鎮員山路25號前0.0公尺附近,死亡2;受傷2,自用-小客車;乘客-人;乘客-人;乘客-人,121.031219,24.781697
111年06月04日 05時37分07秒,宜蘭縣壯圍鄉美福路二段222號,死亡1;受傷0,電動自行車-慢車,121.785589,24.724200
111年06月04日 18時10分00秒,臺北市大安區忠孝東路4段 / 臺北市大安區忠孝東路4段,死亡1;受傷0,普通重型-機車;自用-小客車;自用-小客車,121.547192,25.041615
111年06月04日 18時35分00秒,雲林縣虎尾鎮建國里293070燈桿前,死亡1;受傷0,普通重型-機車,120.406558,23.705914
111年06月04日 20時17分00秒,彰化縣二林鎮萬合里成田巷前0.0公尺,死亡1;受傷2,自用-小客車;乘客-人;乘客-人,120.410836,23.927419
111年06月05日 02時00分00秒,屏東縣內埔鄉東寧村東寧路472巷100號附近,死亡1;受傷0,腳踏自行車-慢車,120.566320,22.615134
111年06月05日 15時45分08秒,宜蘭縣壯圍鄉壯濱路2段285號前0.0公尺,死亡1;受傷0,腳踏自行車-慢車;自用-小客車,121.816201,24.746749
111年06月05日 18時53分00秒,屏東縣東港鎮大同路262號前0.0公尺附近,死亡1;受傷0,普通重型-機車,120.467482,22.466948
111年06月06日 07時11分00秒,高雄市三民區九如一路 / 高雄市三民區臥龍路,死亡1;受傷1,普通重型-機車;普通重型-機車,120.329875,22.638754
111年06月06日 11時04分00秒,花蓮縣新城鄉北埔村北埔路197號前0.0公尺南側,死亡1;受傷0,普通重型-機車;自用-大貨車,121.604202,24.032999
111年06月06日 11時10分37秒,雲林縣二崙鄉油車村電桿224東10K旁路口,死亡1;受傷0,普通重型-機車;自用-小貨車(含客、貨兩用),120.379894,23.793304
111年06月06日 13時37分00秒,宜蘭縣冬山鄉武罕一路口 / 宜蘭縣冬山鄉幸福五路口,死亡1;受傷0,普通重型-機車;自用-小客車;乘客-人,121.792512,24.655461
111年06月06日 17時12分00秒,桃園市中壢區山大路口 / 桃園市中壢區山安路口,死亡1;受傷0,普通重型-機車;自用-小客車,121.173788,25.023345
111年06月06日 19時13分00秒,臺中市北屯區后庄里松竹路三段 / 臺中市北屯區后庄里后庄路,死亡1;受傷0,救護車-特種車;普通重型-機車,120.680013,24.171475
111年06月06日 20時48分00秒,嘉義縣大林鎮過溪里過溪6號前,死亡1;受傷0,行人-人;自用-小客車,120.504170,23.602888
111年06月06日 22時00分00秒,臺南市新市區永就里永就55-7號,死亡1;受傷0,普通重型-機車,120.297420,23.060678
111年06月06日 22時24分00秒,臺南市東區大同路口 / 臺南市東區大同路1段口,死亡1;受傷0,自用-小客車;行人-人,120.211195,22.985220
111年06月07日 02時11分00秒,彰化縣芳苑鄉興仁村建成路口 / 彰化縣芳苑鄉台17線路口,死亡1;受傷1,營業用-大貨車;自用-小客車;乘客-人,120.340386,23.955744
111年06月07日 07時18分08秒,苗栗縣銅鑼鄉119甲線與台72線口,死亡1;受傷0,自用-小貨車(含客、貨兩用);普通重型-機車,120.802226,24.494874
111年06月07日 07時45分00秒,臺北市中山區民權東路1段69號前0.0公尺,死亡1;受傷1,自用-小客車;普通重型-機車;普通重型-機車,121.526267,25.062721
111年06月07日 09時54分00秒,花蓮縣富里鄉台9線 282公里600.0公尺處,死亡1;受傷0,營業用-曳引車;普通重型-機車;自用-小貨車(含客、貨兩用),121.333320,23.297347
111年06月07日 17時30分00秒,宜蘭縣冬山鄉進福路進福橋上號前0.0公尺北側,死亡1;受傷0,普通重型-機車,121.806254,24.653349
111年06月08日 07時35分00秒,彰化縣大村鄉平和村山腳路168-1號前0.0公尺,死亡1;受傷1,普通重型-機車;普通重型-機車,120.576334,24.004789
111年06月08日 10時30分00秒,臺東縣關山鎮台9線 321公里900.0公尺處,死亡1;受傷1,自用-小客車;普通重型-機車;乘客-人,121.149431,23.009604
111年06月08日 17時09分00秒,臺南市柳營區東昇里台1線294.3公里第572417號燈桿-附近,死亡1;受傷0,租賃車-小客車,120.325221,23.274899
111年06月09日 03時52分00秒,南投縣南投市國道3號 226公里800.0公尺處北側向中線,死亡1;受傷3,自用-小客車;營業用-半聯結車;營業用-半聯結車;營業用-大貨車;營業用-大貨車;自用-小客車;自用-小客車;乘客-人,120.683002,23.923700
111年06月09日 16時17分00秒,新竹市香山區牛埔北路與牛埔北路171巷,死亡1;受傷1,普通重型-機車;普通重型-機車,120.940099,24.802095
111年06月09日 17時16分00秒,桃園市龜山區大湖路燈桿0814274號前0.0公尺附近,死亡1;受傷0,普通重型-機車;小型車-軍車,121.354243,25.046737
111年06月10日 09時55分00秒,臺南市永康區崑大路口 / 臺南市永康區大灣路口,死亡1;受傷0,自用-小客車;普通重型-機車,120.254320,22.998446
111年06月10日 16時44分00秒,南投縣魚池鄉台21線 59.8公里,死亡1;受傷0,大型重型1(550C.C.以上)-機車,120.920958,23.877824
111年06月10日 18時07分00秒,新竹縣竹東鎮員山路46號前,死亡1;受傷0,普通重型-機車,121.031924,24.781937
111年06月10日 18時11分00秒,桃園市新屋區中山東路二段口 / 桃園市新屋區福洲三街口,死亡1;受傷0,自用-小客車;普通重型-機車,121.145294,24.962687
111年06月11日 05時49分00秒,彰化縣北斗鎮新政里光復路 / 彰化縣北斗鎮新政里文苑路1段,死亡1;受傷0,自用-小客車;普通重型-機車,120.524138,23.875254
111年06月11日 16時55分00秒,高雄市鼓山區九如四路 / 高雄市鼓山區建榮路,死亡1;受傷0,普通重型-機車;自用-小貨車(含客、貨兩用),120.301520,22.627160
111年06月11日 23時45分00秒,彰化縣和美鎮新庄里東發路 / 彰化縣和美鎮新庄里東發路,死亡1;受傷0,行人-人;自用-小客車,120.534861,24.096040
111年06月12日 02時10分00秒,彰化縣彰化市崙平里中華西路199-3號前0.0公尺,死亡1;受傷0,普通重型-機車,120.530144,24.071866
111年06月12日 18時31分00秒,彰化縣福興鄉元中村番花路1段717號前0.0公尺,死亡1;受傷0,電動自行車-慢車,120.475356,24.018796
111年06月13日 02時14分00秒,宜蘭縣壯圍鄉中央路3段電桿(中央69E9878GA68)),死亡1;受傷0,自用-小客車,121.790258,24.755284
111年06月13日 12時37分00秒,臺南市鹽水區岸內里電桿汫水高幹17號旁(蔦松路路段),死亡1;受傷0,普通輕型-機車,120.271896,23.329154
111年06月13日 15時34分06秒,宜蘭縣礁溪鄉礁溪路3段80號前0.0公尺,死亡1;受傷1,普通重型-機車;自用-小客車;乘客-人,121.765645,24.804379
111年06月14日 11時55分00秒,屏東縣屏東市大同路口 / 屏東縣屏東市大興路口,死亡1;受傷1,自用-小客車;普通重型-機車,120.475861,22.666974
111年06月14日 12時16分00秒,新北市蘆洲區2號越堤道 / 新北市蘆洲區環堤大道路,死亡1;受傷1,大型重型1(550C.C.以上)-機車;計程車-小客車;普通重型-機車,121.473062,25.079465
111年06月14日 17時26分00秒,屏東縣屏東市前進里建國路前0.0公尺,死亡1;受傷1,普通重型-機車;乘客-人,120.447300,22.649755
111年06月14日 19時01分12秒,花蓮縣光復鄉台9線 242公里700.0公尺處南側向內側,死亡1;受傷0,自用-小貨車(含客、貨兩用),121.394249,23.608448
111年06月15日 02時00分00秒,高雄市內門區182縣道內東390燈桿號前0.0公尺,死亡1;受傷1,自用-小客車;乘客-人,120.425000,22.927110
111年06月15日 06時36分00秒,新竹市東區公道五路三段與東進路口往愛買方向外側慢車道(146295號燈桿),死亡1;受傷0,普通重型-機車,120.990060,24.806897
111年06月15日 06時52分00秒,苗栗縣苑裡鎮泰田里81之2號前水溝內,死亡1;受傷0,普通重型-機車,120.691880,24.393257
111年06月15日 09時46分00秒,桃園市龜山區萬壽路一段口 / 桃園市龜山區中正路口,死亡1;受傷0,自用-小貨車(含客、貨兩用);行人-人,121.410412,25.021179
111年06月15日 11時45分00秒,基隆市安樂區北濱公路澳底橋,死亡1;受傷1,自用-小客車;乘客-人,121.705497,25.166376
111年06月15日 15時09分00秒,雲林縣林內鄉中正路532號,死亡1;受傷0,自用-小客車;普通重型-機車,120.610664,23.752322
111年06月15日 17時48分00秒,臺南市仁德區文賢路一段862巷口,死亡1;受傷1,普通重型-機車;普通重型-機車,120.235241,22.923860
111年06月15日 18時30分00秒,高雄市燕巢區深中路深水229燈桿號前0.0公尺,死亡1;受傷0,普通重型-機車,120.405200,22.774640
111年06月16日 01時07分30秒,花蓮縣瑞穗鄉中正北路3段238-25號前0.0公尺附近,死亡1;受傷0,普通輕型-機車,121.382103,23.564909
111年06月16日 06時29分00秒,彰化縣伸港鄉海尾村中興路3段前0.0公尺,死亡1;受傷0,普通重型-機車,120.502278,24.181415
111年06月16日 06時50分00秒,新北市中和區新北市中和區和城路1段077358燈桿,死亡1;受傷0,普通重型-機車;營業用-曳引車,121.485198,24.993454
111年06月16日 07時40分00秒,臺中市北區錦祥里進化路 / 臺中市北區錦祥里天祥街,死亡1;受傷0,自用-小貨車(含客、貨兩用);行人-人,120.694122,24.161233
111年06月16日 07時46分00秒,桃園市新屋區赤欄里中山西路2段233號前0.0公尺附近,死亡1;受傷0,普通重型-機車;自用-小貨車(含客、貨兩用),121.072866,24.978968
111年06月16日 08時03分00秒,臺南市鹽水區竹林里無名道路蜈蜞高幹31N0146FE97電桿前,死亡1;受傷0,自用-小客車;普通重型-機車,120.239803,23.259948
111年06月16日 14時49分00秒,臺南市鹽水區坔頭港里坔頭港200-55號前0.0公尺附近,死亡1;受傷0,普通重型-機車,120.250651,23.249653
111年06月16日 15時55分48秒,臺南市七股區大埕里大埕176公路8公里處,死亡1;受傷0,普通重型-機車;自用-小貨車(含客、貨兩用),120.146423,23.146571
111年06月16日 19時34分00秒,彰化縣員林市萬年里員集路2段386弄前0.0公尺,死亡1;受傷0,普通重型-機車,120.588250,23.943620
111年06月16日 21時15分00秒,新北市板橋區新北市板橋區新海橋路往新莊P010412桿,死亡1;受傷0,自用-小貨車(含客、貨兩用);行人-人,121.465010,25.029209
111年06月17日 03時16分00秒,苗栗縣三義鄉國道1號 153公里400.0公尺處北側向爬坡,死亡1;受傷0,營業用-大貨車;營業用-全聯結車,120.746715,24.370854
111年06月17日 07時25分00秒,彰化縣永靖鄉竹子村竹中巷21號前0.0公尺,死亡1;受傷1,普通重型-機車;普通重型-機車,120.503864,23.922785
111年06月17日 10時55分00秒,桃園市桃園區慈德街118號前0.0公尺附近,死亡1;受傷0,自用-小客車;行人-人,121.298912,25.007696
111年06月17日 19時15分54秒,臺中市烏日區國道3號 203公里400.0公尺處北側向輔助,死亡1;受傷2,自用-小客車;自用-小客車;自用-小客車;自用-小貨車(含客、貨兩用);自用-小貨車(含客、貨兩用),120.622137,24.082855
111年06月18日 00時02分00秒,彰化縣彰化市中庄里中山路3段 / 彰化縣彰化市中庄里台化街,死亡1;受傷0,自用-小客車;普通重型-機車,120.562288,24.087290
111年06月18日 11時22分00秒,雲林縣土庫鎮埤腳里扶朝210號旁路口,死亡1;受傷0,自用-小客車;普通重型-機車,120.365328,23.669403
111年06月18日 12時15分00秒,彰化縣田中鎮新庄里中山街 / 彰化縣田中鎮新庄里中南路3段,死亡1;受傷0,自用-小客車;普通重型-機車,120.594376,23.854506
111年06月18日 18時14分00秒,新北市貢寮區新北市貢寮區丹裡街36號之1(102甲線7.3K),死亡1;受傷1,普通重型-機車;乘客-人,121.797054,24.686700
111年06月18日 19時00分00秒,基隆市安樂區基金一路97號前0.0公尺,死亡1;受傷0,普通重型-機車,121.718545,25.138402
111年06月19日 09時39分00秒,臺中市北區金龍里梅亭街 / 臺中市北區金龍里健行路,死亡1;受傷1,普通重型-機車;普通重型-機車;自用-小客車,120.688892,24.160195
111年06月19日 10時08分00秒,高雄市茄萣區正大路崎漏1010燈桿號前0.0公尺,死亡1;受傷0,營業用-曳引車;普通重型-機車,120.185600,22.889380
111年06月19日 10時44分00秒,桃園市龍潭區龍源路294號前0.0公尺附近,死亡1;受傷1,大型重型2(250-550C.C.)-機車;大型重型2(250-550C.C.)-機車;大型重型2(250-550C.C.)-機車,121.213281,24.822223
111年06月19日 12時05分25秒,苗栗縣三灣鄉大河村台三線103.6公里北上內側車道,死亡1;受傷0,普通重型-機車;自用-小客車,120.955783,24.614328
111年06月19日 13時05分00秒,新竹市香山區大庄路17號,死亡1;受傷0,普通重型-機車,120.928400,24.788887
111年06月19日 23時25分00秒,雲林縣水林鄉大溝村164公路(水林179-3號電桿)前,死亡1;受傷0,自用-小貨車(含客、貨兩用);腳踏自行車-慢車,120.200371,23.575868
111年06月20日 03時50分00秒,嘉義縣布袋鎮新民里台61線275公里400公尺處,死亡1;受傷0,營業用-全聯結車;自用-大貨車,120.155831,23.345786
111年06月20日 07時39分03秒,花蓮縣吉安鄉慶豐四街口 / 花蓮縣吉安鄉慶南三街,死亡1;受傷0,自用-小客車;普通重型-機車,121.570830,23.975420
111年06月20日 07時47分00秒,臺南市麻豆區安正里番寮高幹21左5號電桿前路口,死亡1;受傷0,自用-大貨車;自用-小客車,120.220102,23.166567
111年06月20日 08時06分00秒,新竹市東區公道五路三段，公道五路橋上(路燈燈桿146270)),死亡1;受傷0,普通重型-機車;自用-小貨車(含客、貨兩用),120.985858,24.813687
111年06月20日 08時29分00秒,高雄市左營區天祥二路 / 高雄市左營區天祥二路,死亡1;受傷0,普通重型-機車;自用-小客車,120.281100,22.765050
111年06月20日 20時30分00秒,新竹縣新埔鎮縣115線 20公里,死亡2;受傷0,普通重型-機車;乘客-人,121.129849,24.878970
111年06月21日 01時52分00秒,新北市淡水區民權路口 / 新北市淡水區民族路口,死亡1;受傷2,自用-小客車;其他人-人;乘客-人,121.459908,25.138057
111年06月21日 03時10分14秒,雲林縣元長鄉山內村古松26之21號旁,死亡1;受傷0,自用-小客車,120.316290,23.676689
111年06月21日 06時30分00秒,屏東縣萬丹鄉厦北村河堤北路68號前0.0公尺,死亡1;受傷0,普通重型-機車,120.456573,22.600685
111年06月21日 07時48分00秒,屏東縣枋寮鄉中山路154-1號前0.0公尺,死亡1;受傷0,自用-小貨車(含客、貨兩用);普通重型-機車,120.596814,22.364264
111年06月21日 08時19分00秒,高雄市大寮區興隆路 / 高雄市大寮區東隆街,死亡1;受傷0,自用-小貨車(含客、貨兩用);普通重型-機車,120.412403,22.607776
111年06月21日 12時22分00秒,彰化縣溪湖鎮湖西里二溪路 / 彰化縣溪湖鎮湖西里大同路,死亡1;受傷1,普通重型-機車;普通重型-機車,120.472302,23.959252
111年06月22日 08時09分12秒,雲林縣北港鎮南安里義民路112062號電桿旁,死亡1;受傷0,普通重型-機車;普通重型-機車,120.302159,23.566685
111年06月22日 16時42分00秒,彰化縣伸港鄉台61線 167公里40.0公尺處北側向外側,死亡1;受傷0,自用-大貨車;普通重型-機車;行人-人;乘客-人,120.475562,24.158887
111年06月23日 06時38分00秒,新北市新莊區新北市新莊區中華路3段241422號燈桿處,死亡1;受傷2,普通重型-機車;普通重型-機車;普通重型-機車,121.452054,25.057255
111年06月23日 08時35分00秒,高雄市美濃區中正路3段576號前0.0公尺,死亡1;受傷0,自用-小客車;普通重型-機車,120.532710,22.850650
111年06月23日 11時03分30秒,桃園市復興區台7線 13公里附近,死亡1;受傷0,大型重型1(550C.C.以上)-機車;自用-曳引車,121.336288,24.829395
111年06月23日 11時40分00秒,高雄市美濃區中山路2段 / 高雄市美濃區中山路2段,死亡1;受傷2,自用-小客車;乘客-人;乘客-人,120.515800,22.894640
111年06月23日 13時43分00秒,屏東縣長治鄉中興路口 / 屏東縣長治鄉崑崙路口,死亡1;受傷0,自用-小客車;普通重型-機車,120.533334,22.690554
111年06月23日 16時29分30秒,苗栗縣三義鄉臺13線55.5公里往南約100公尺處,死亡1;受傷0,自用-半聯結車;普通重型-機車,120.735002,24.351967
111年06月23日 19時30分00秒,彰化縣埔鹽鄉南港村埔港路前0.0公尺,死亡1;受傷1,自用-小貨車(含客、貨兩用);自用-小貨車(含客、貨兩用);行人-人,120.499303,23.980308
111年06月24日 05時30分00秒,桃園市桃園區大有路63號前0.0公尺,死亡1;受傷0,自用-小客車,121.322239,25.004857
111年06月24日 15時53分00秒,臺東縣關山鎮台9線 315公里450.0公尺處,死亡1;受傷0,普通重型-機車;自用-小客車;自用-小客車,121.170601,23.065199
111年06月25日 06時54分26秒,臺南市善化區嘉南里178線國3南下匝道口西側,死亡1;受傷0,普通重型-機車;民營公車-大客車,120.330948,23.124014
111年06月25日 07時32分00秒,高雄市岡山區岡山路 / 高雄市岡山區嘉新西路,死亡1;受傷0,營業用-曳引車;腳踏自行車-慢車,120.292285,22.801669
111年06月25日 07時51分00秒,新北市中和區勝利路 / 新北市中和區福祥路,死亡1;受傷1,普通重型-機車;普通重型-機車,121.499366,25.007835
111年06月25日 11時34分02秒,苗栗縣苗栗市台6線經國路12公里處,死亡1;受傷1,大型重型1(550C.C.以上)-機車;普通重型-機車,120.815351,24.537305
111年06月25日 11時36分00秒,屏東縣新園鄉新南路6之3號前0.0公尺附近,死亡1;受傷1,普通重型-機車;普通重型-機車,120.459626,22.532808
111年06月25日 19時38分44秒,臺南市仁德區德善路南側 / 臺南市仁德區德善路西側,死亡1;受傷0,自用-小貨車(含客、貨兩用);普通重型-機車;自用-大貨車,120.256760,22.948096
111年06月26日 05時36分00秒,嘉義縣太保市後庄里台18線1.5k,死亡1;受傷0,普通重型-機車,120.327872,23.472112
111年06月26日 06時14分00秒,彰化縣溪州鄉舊眉村中山路4段378號前0.0公尺,死亡1;受傷0,普通重型-機車,120.509419,23.864619
111年06月26日 13時20分00秒,花蓮縣豐濱鄉台11線 53公里附近,死亡1;受傷1,自用-小客車;普通重型-機車;遊覽車-大客車,121.526774,23.589089
111年06月26日 14時50分00秒,高雄市大寮區河堤路3段379號前0.0公尺,死亡1;受傷0,普通重型-機車,120.370435,22.537320
111年06月27日 06時15分00秒,新北市樹林區中正路 / 新北市樹林區俊興街,死亡1;受傷0,營業用-小貨車(含客、貨兩用);普通重型-機車,121.371249,24.923638
111年06月27日 06時58分00秒,新北市板橋區縣民大道1段 / 新北市板橋區民權路,死亡1;受傷0,自用-小客車;普通重型-機車,121.459183,25.008555
111年06月27日 09時01分00秒,臺中市大肚區大東里沙田路二段469號前0.0公尺,死亡1;受傷0,行人-人;營業用-曳引車,120.545980,24.148194
111年06月27日 12時32分55秒,臺南市新市區三舍102-7號,死亡1;受傷0,電動自行車-慢車,120.295051,23.090366
111年06月27日 15時36分47秒,雲林縣斗南鎮158甲線23.1公里處(中華電信新崙幹109),死亡1;受傷0,普通重型-機車,120.452304,23.677873
111年06月27日 20時24分00秒,新北市淡水區後洲路1段前0.0公尺,死亡1;受傷0,普通重型-機車,121.427444,25.199389
111年06月28日 00時13分00秒,桃園市大溪區永昌路口 / 桃園市大溪區國道3號南下匝道,死亡1;受傷0,普通重型-機車;計程車-小客車,121.263032,24.893009
111年06月28日 08時28分00秒,苗栗縣苑裡鎮苗69線啟心二路口,死亡1;受傷0,自用-小客車;普通重型-機車,120.703814,24.378935
111年06月28日 08時55分00秒,桃園市桃園區萬壽路二段巨蛋旁,死亡1;受傷0,動力機械-其他車;普通重型-機車,121.323986,24.992442
111年06月28日 09時49分00秒,臺中市大里區永隆里大明路 / 臺中市大里區永隆里爽文路,死亡1;受傷0,自用-大貨車;大型重型1(550C.C.以上)-機車,120.674383,24.114919
111年06月28日 10時04分25秒,屏東縣屏東市盛豐路口 / 屏東縣屏東市海豐街口,死亡1;受傷0,普通重型-機車;自用-小貨車(含客、貨兩用),120.509067,22.696847
111年06月28日 12時17分00秒,彰化縣秀水鄉福安村民意街 / 彰化縣秀水鄉福安村彰水路2段,死亡1;受傷0,自用-小貨車(含客、貨兩用);普通重型-機車,120.494889,24.028418
111年06月28日 14時47分00秒,新竹縣新埔鎮寶石里文德路2段210巷附近,死亡1;受傷1,大型重型2(250-550C.C.)-機車;自用-小貨車(含客、貨兩用);自用-小客車,121.081859,24.808735
111年06月29日 03時33分00秒,臺中市西屯區惠來里文心路二段 / 臺中市西屯區惠來里市政北三路,死亡1;受傷0,自用-小客車;腳踏自行車-慢車,120.646901,24.158941
111年06月29日 08時30分14秒,南投縣埔里鎮新生路29號前0.0公尺附近,死亡1;受傷0,普通重型-機車;遊覽車-大客車,120.963474,23.958843
111年06月29日 10時28分00秒,高雄市三民區民族一路4號前0.0公尺,死亡1;受傷1,自用-大貨車;普通重型-機車;普通重型-機車;自用-小客車,120.314039,22.637282
111年06月29日 11時38分29秒,花蓮縣新城鄉台9線 180公里800.0公尺處,死亡1;受傷0,普通重型-機車,121.606081,24.056964
111年06月29日 13時00分05秒,臺東縣成功鎮台11線 112公里,死亡1;受傷0,普通重型-機車,121.344379,23.059007
111年06月29日 16時10分00秒,臺中市太平區中山里中山路二段335號前0.0公尺,死亡1;受傷2,行人-人;普通重型-機車;乘客-人,120.730194,24.150286
111年06月29日 17時35分00秒,高雄市鳳山區建國路1段武松049路燈號前0.0公尺,死亡1;受傷0,普通輕型-機車;營業用-大貨車,120.365258,22.634985
111年06月29日 18時09分00秒,新北市板橋區新北市板橋區板城路023310號燈桿,死亡1;受傷2,普通重型-機車;腳踏自行車-慢車;普通重型-機車,121.445833,25.011111
111年06月30日 02時30分00秒,雲林縣褒忠鄉龍岩村158甲潮厝79電桿前,死亡1;受傷0,普通重型-機車,120.319082,23.720837
111年06月30日 07時18分00秒,雲林縣斗六市建興路176巷23弄與產業道路口,死亡1;受傷0,自用-小客車;普通重型-機車,120.521045,23.706654
111年06月30日 08時13分00秒,臺東縣臺東市吉泰路與雲南路口以西約55公尺,死亡1;受傷0,自用-小客車,121.055928,22.720035
111年06月30日 10時22分32秒,桃園市中壢區圓光路二段北側 / 桃園市中壢區月山路北側,死亡1;受傷1,普通重型-機車;自用-小客車;乘客-人,121.177059,25.005687
111年06月30日 18時07分00秒,桃園市大園區三民路2段附近 / 桃園市大園區坑菓路附近,死亡1;受傷0,普通重型-機車;自用-曳引車,121.259156,25.078913
111年07月01日 09時40分17秒,苗栗縣通霄鎮台61線北上122K匝道口,死亡2;受傷0,自用-曳引車;自用-小貨車(含客、貨兩用);行人-人,120.679888,24.503161
111年07月01日 22時43分23秒,臺南市關廟區關新路1段21號前0.0公尺附近,死亡1;受傷1,普通重型-機車;自用-小客車;乘客-人,120.318004,22.975469
111年07月02日 04時41分00秒,臺北市士林區承德路4段 / 臺北市士林區中正路,死亡1;受傷2,自用-小客車;自用-小客車;普通重型-機車;自用-小客車,121.516612,25.091013
111年07月02日 11時45分00秒,宜蘭縣蘇澳鎮箕山橋上,死亡1;受傷0,自用-小客車;普通重型-機車,121.836369,24.596349
111年07月02日 22時39分00秒,彰化縣竹塘鄉台19線 34公里南側向外側,死亡1;受傷1,自用-小貨車(含客、貨兩用);乘客-人;自用-小貨車(含客、貨兩用);自用-小貨車(含客、貨兩用),120.402497,23.849172
111年07月03日 21時38分09秒,雲林縣莿桐鄉延平路與南安路口,死亡1;受傷2,普通重型-機車;自用-小客車;乘客-人,120.496819,23.755428
111年07月04日 05時53分00秒,臺中市龍井區國道3號 184公里900.0公尺處北側向外側,死亡1;受傷0,自用-大貨車;營業用-大貨車;營業用-半聯結車,120.586095,24.220587
111年07月04日 23時45分00秒,雲林縣崙背鄉阿勸村156縣道221508號路燈處,死亡1;受傷0,普通重型-機車,120.332331,23.767394
資料提供日期：111年07月11日,,,,,
事故類別：A1類,,,,,
